{
 "type": "FeatureCollection",
 "features": [
  {
   "type": "Feature",
   "geometry": {
    "type": "Polygon",
    "coordinates": [
     [
      [
       -97.0672924,
       47.9197784
      ],
      [
       -97.067359,
       47.919681
      ],
      [
       -97.0674589,
       47.9196136
      ],
      [
       -97.0676587,
       47.9195612
      ],
      [
       -97.0703559,
       47.9195612
      ],
      [
       -97.070367,
       47.9195462
      ],
      [
       -97.0705113,
       47.9195462
      ],
      [
       -97.0705113,
       47.9195163
      ],
      [
       -97.0702449,
       47.9195088
      ],
      [
       -97.0702338,
       47.9195313
      ],
      [
       -97.0701117,
       47.9195313
      ],
      [
       -97.0701006,
       47.9195088
      ],
      [
       -97.070034,
       47.9195088
      ],
      [
       -97.0700229,
       47.9195313
      ],
      [
       -97.0693348,
       47.9195238
      ],
      [
       -97.0693237,
       47.9195088
      ],
      [
       -97.0692238,
       47.9195088
      ],
      [
       -97.0692127,
       47.9195238
      ],
      [
       -97.0690906,
       47.9195238
      ],
      [
       -97.0690795,
       47.9195088
      ],
      [
       -97.0689796,
       47.9195088
      ],
      [
       -97.0689685,
       47.9195238
      ],
      [
       -97.0688464,
       47.9195238
      ],
      [
       -97.0688353,
       47.9195088
      ],
      [
       -97.0687687,
       47.9195088
      ],
      [
       -97.0687576,
       47.9195238
      ],
      [
       -97.0670816,
       47.9195163
      ],
      [
       -97.0670927,
       47.9197559
      ],
      [
       -97.0672924,
       47.9197784
      ]
     ]
    ]
   },
   "properties": {
    "id": "MOW-001",
    "name": "UND Green Space 1",
    "category": "UND Green Space",
    "acres": "",
    "drawn_acres": 0.42,
    "crew": "",
    "frequency": "weekly",
    "mower": "",
    "ownership": "UND",
    "site": "main",
    "needs_tracing": true,
    "notes": "Imported from Mowing Map 2025 (PDF). Line the overlay up in Edit mode and re-import to place these exactly, then verify edges."
   }
  },
  {
   "type": "Feature",
   "geometry": {
    "type": "Polygon",
    "coordinates": [
     [
      [
       -97.0782809,
       47.9199431
      ],
      [
       -97.078403,
       47.9198233
      ],
      [
       -97.0784918,
       47.9197859
      ],
      [
       -97.0786361,
       47.9197634
      ],
      [
       -97.0786361,
       47.9197259
      ],
      [
       -97.078514,
       47.9197185
      ],
      [
       -97.078514,
       47.9195986
      ],
      [
       -97.073375,
       47.9195986
      ],
      [
       -97.0733528,
       47.9195837
      ],
      [
       -97.0733528,
       47.9195088
      ],
      [
       -97.0715103,
       47.9195088
      ],
      [
       -97.0714992,
       47.9195313
      ],
      [
       -97.0714326,
       47.9195313
      ],
      [
       -97.0714215,
       47.9195088
      ],
      [
       -97.0713216,
       47.9195088
      ],
      [
       -97.0713105,
       47.9195313
      ],
      [
       -97.0711884,
       47.9195313
      ],
      [
       -97.0711773,
       47.9195088
      ],
      [
       -97.0711107,
       47.9195088
      ],
      [
       -97.0710996,
       47.9195313
      ],
      [
       -97.0709442,
       47.9195313
      ],
      [
       -97.0709331,
       47.9195088
      ],
      [
       -97.0708665,
       47.9195088
      ],
      [
       -97.0708554,
       47.9195313
      ],
      [
       -97.0707333,
       47.9195313
      ],
      [
       -97.0707222,
       47.9195088
      ],
      [
       -97.0706223,
       47.9195088
      ],
      [
       -97.0705779,
       47.9195387
      ],
      [
       -97.0705779,
       47.9195612
      ],
      [
       -97.0727534,
       47.9195687
      ],
      [
       -97.0732418,
       47.9196885
      ],
      [
       -97.0733972,
       47.9196885
      ],
      [
       -97.0734416,
       47.919711
      ],
      [
       -97.0738411,
       47.9197784
      ],
      [
       -97.0740742,
       47.9197709
      ],
      [
       -97.0744294,
       47.9198233
      ],
      [
       -97.0748623,
       47.9198083
      ],
      [
       -97.0751287,
       47.9197709
      ],
      [
       -97.0776594,
       47.9197634
      ],
      [
       -97.0779591,
       47.9198158
      ],
      [
       -97.0782809,
       47.9199431
      ]
     ]
    ]
   },
   "properties": {
    "id": "MOW-002",
    "name": "UND Green Space 2",
    "category": "UND Green Space",
    "acres": "",
    "drawn_acres": 2.36,
    "crew": "",
    "frequency": "weekly",
    "mower": "",
    "ownership": "UND",
    "site": "main",
    "needs_tracing": true,
    "notes": "Imported from Mowing Map 2025 (PDF). Line the overlay up in Edit mode and re-import to place these exactly, then verify edges."
   }
  },
  {
   "type": "Feature",
   "geometry": {
    "type": "Polygon",
    "coordinates": [
     [
      [
       -97.0670483,
       47.9200779
      ],
      [
       -97.0671815,
       47.9200255
      ],
      [
       -97.0672481,
       47.9198907
      ],
      [
       -97.0672148,
       47.9198532
      ],
      [
       -97.0670927,
       47.9198383
      ],
      [
       -97.0670927,
       47.9199955
      ],
      [
       -97.0670705,
       47.9200105
      ],
      [
       -97.0664489,
       47.9200105
      ],
      [
       -97.0664378,
       47.9199731
      ],
      [
       -97.0658939,
       47.9199731
      ],
      [
       -97.0658828,
       47.9200405
      ],
      [
       -97.0655609,
       47.9200405
      ],
      [
       -97.0655387,
       47.9200255
      ],
      [
       -97.0655387,
       47.9196361
      ],
      [
       -97.0655054,
       47.9196436
      ],
      [
       -97.0654943,
       47.9198008
      ],
      [
       -97.0653944,
       47.9199581
      ],
      [
       -97.0654166,
       47.9200255
      ],
      [
       -97.0655054,
       47.9200704
      ],
      [
       -97.0659383,
       47.9200704
      ],
      [
       -97.0659494,
       47.920018
      ],
      [
       -97.066238,
       47.920018
      ],
      [
       -97.0662491,
       47.9200629
      ],
      [
       -97.0662824,
       47.9200704
      ],
      [
       -97.0669595,
       47.9200554
      ],
      [
       -97.0670483,
       47.9200779
      ]
     ]
    ]
   },
   "properties": {
    "id": "MOW-003",
    "name": "UND Green Space 3",
    "category": "UND Green Space",
    "acres": "",
    "drawn_acres": 0.29,
    "crew": "",
    "frequency": "weekly",
    "mower": "",
    "ownership": "UND",
    "site": "main",
    "needs_tracing": true,
    "notes": "Imported from Mowing Map 2025 (PDF). Line the overlay up in Edit mode and re-import to place these exactly, then verify edges."
   }
  },
  {
   "type": "Feature",
   "geometry": {
    "type": "Polygon",
    "coordinates": [
     [
      [
       -97.0788803,
       47.9199206
      ],
      [
       -97.0786472,
       47.9199206
      ],
      [
       -97.078625,
       47.9198682
      ],
      [
       -97.0785584,
       47.9198682
      ],
      [
       -97.0784585,
       47.9199132
      ],
      [
       -97.0783919,
       47.9199805
      ],
      [
       -97.0783919,
       47.9200105
      ],
      [
       -97.0788581,
       47.9202426
      ],
      [
       -97.0789358,
       47.9202351
      ],
      [
       -97.0789469,
       47.9201902
      ],
      [
       -97.0788581,
       47.9201827
      ],
      [
       -97.0788803,
       47.9199206
      ]
     ]
    ]
   },
   "properties": {
    "id": "MOW-004",
    "name": "UND Green Space 5",
    "category": "UND Green Space",
    "acres": "",
    "drawn_acres": 0.22,
    "crew": "",
    "frequency": "weekly",
    "mower": "",
    "ownership": "UND",
    "site": "main",
    "needs_tracing": true,
    "notes": "Imported from Mowing Map 2025 (PDF). Line the overlay up in Edit mode and re-import to place these exactly, then verify edges."
   }
  },
  {
   "type": "Feature",
   "geometry": {
    "type": "Polygon",
    "coordinates": [
     [
      [
       -97.0681915,
       47.9203475
      ],
      [
       -97.0681915,
       47.9201153
      ],
      [
       -97.0681249,
       47.9200929
      ],
      [
       -97.0677142,
       47.9200929
      ],
      [
       -97.0677031,
       47.9201078
      ],
      [
       -97.0675033,
       47.9200929
      ],
      [
       -97.0674922,
       47.919988
      ],
      [
       -97.0674034,
       47.9199581
      ],
      [
       -97.0674034,
       47.9198982
      ],
      [
       -97.0674589,
       47.9197709
      ],
      [
       -97.0675921,
       47.9197559
      ],
      [
       -97.0676254,
       47.9196885
      ],
      [
       -97.0684024,
       47.919696
      ],
      [
       -97.0684024,
       47.919681
      ],
      [
       -97.0683247,
       47.9196511
      ],
      [
       -97.0676476,
       47.9196511
      ],
      [
       -97.0675033,
       47.919696
      ],
      [
       -97.0674145,
       47.9197859
      ],
      [
       -97.0673257,
       47.9200255
      ],
      [
       -97.0673257,
       47.9200929
      ],
      [
       -97.0672591,
       47.9201528
      ],
      [
       -97.0674145,
       47.9201528
      ],
      [
       -97.0674256,
       47.9202052
      ],
      [
       -97.0675033,
       47.9202052
      ],
      [
       -97.0675033,
       47.9201603
      ],
      [
       -97.0675699,
       47.9201528
      ],
      [
       -97.067581,
       47.9202052
      ],
      [
       -97.0676365,
       47.9202052
      ],
      [
       -97.0676476,
       47.9201528
      ],
      [
       -97.0678474,
       47.9201453
      ],
      [
       -97.0678807,
       47.9201603
      ],
      [
       -97.0678807,
       47.9202052
      ],
      [
       -97.0680139,
       47.9202127
      ],
      [
       -97.0680139,
       47.920325
      ],
      [
       -97.0681915,
       47.9203475
      ]
     ]
    ]
   },
   "properties": {
    "id": "MOW-005",
    "name": "UND Green Space 6",
    "category": "UND Green Space",
    "acres": "",
    "drawn_acres": 0.35,
    "crew": "",
    "frequency": "weekly",
    "mower": "",
    "ownership": "UND",
    "site": "main",
    "needs_tracing": true,
    "notes": "Imported from Mowing Map 2025 (PDF). Line the overlay up in Edit mode and re-import to place these exactly, then verify edges."
   }
  },
  {
   "type": "Feature",
   "geometry": {
    "type": "Polygon",
    "coordinates": [
     [
      [
       -97.0650171,
       47.9204448
      ],
      [
       -97.0650615,
       47.9204224
      ],
      [
       -97.0650615,
       47.9202726
      ],
      [
       -97.0651169,
       47.9202501
      ],
      [
       -97.0651169,
       47.9200704
      ],
      [
       -97.0651613,
       47.919988
      ],
      [
       -97.0652057,
       47.9199731
      ],
      [
       -97.0653278,
       47.9198233
      ],
      [
       -97.0653389,
       47.9197185
      ],
      [
       -97.0652834,
       47.919666
      ],
      [
       -97.0652168,
       47.9196436
      ],
      [
       -97.0645509,
       47.9196436
      ],
      [
       -97.0645509,
       47.9197784
      ],
      [
       -97.0645842,
       47.9197859
      ],
      [
       -97.0645842,
       47.9198083
      ],
      [
       -97.0648617,
       47.9198083
      ],
      [
       -97.0648728,
       47.9197933
      ],
      [
       -97.0649394,
       47.9198083
      ],
      [
       -97.0649172,
       47.9198458
      ],
      [
       -97.0649172,
       47.9201453
      ],
      [
       -97.065006,
       47.9202052
      ],
      [
       -97.0650171,
       47.9202501
      ],
      [
       -97.0649616,
       47.9202576
      ],
      [
       -97.0649061,
       47.9202277
      ],
      [
       -97.0649061,
       47.9204448
      ],
      [
       -97.0650171,
       47.9204448
      ]
     ]
    ]
   },
   "properties": {
    "id": "MOW-006",
    "name": "UND Green Space 7",
    "category": "UND Green Space",
    "acres": "",
    "drawn_acres": 0.54,
    "crew": "",
    "frequency": "weekly",
    "mower": "",
    "ownership": "UND",
    "site": "main",
    "needs_tracing": true,
    "notes": "Imported from Mowing Map 2025 (PDF). Line the overlay up in Edit mode and re-import to place these exactly, then verify edges."
   }
  },
  {
   "type": "Feature",
   "geometry": {
    "type": "Polygon",
    "coordinates": [
     [
      [
       -97.0566036,
       47.9205571
      ],
      [
       -97.0566036,
       47.9201004
      ],
      [
       -97.056537,
       47.9200779
      ],
      [
       -97.0542172,
       47.9200854
      ],
      [
       -97.0541506,
       47.9201004
      ],
      [
       -97.0541506,
       47.9205571
      ],
      [
       -97.0566036,
       47.9205571
      ]
     ]
    ]
   },
   "properties": {
    "id": "MOW-007",
    "name": "UND Green Space 8",
    "category": "UND Green Space",
    "acres": "",
    "drawn_acres": 2.39,
    "crew": "",
    "frequency": "weekly",
    "mower": "",
    "ownership": "UND",
    "site": "main",
    "needs_tracing": true,
    "notes": "Imported from Mowing Map 2025 (PDF). Line the overlay up in Edit mode and re-import to place these exactly, then verify edges."
   }
  },
  {
   "type": "Feature",
   "geometry": {
    "type": "Polygon",
    "coordinates": [
     [
      [
       -97.079513,
       47.9205571
      ],
      [
       -97.0795685,
       47.9205347
      ],
      [
       -97.0795796,
       47.9203325
      ],
      [
       -97.0792244,
       47.9203325
      ],
      [
       -97.0792022,
       47.9203175
      ],
      [
       -97.0792022,
       47.9200405
      ],
      [
       -97.0792244,
       47.9200255
      ],
      [
       -97.079513,
       47.9200255
      ],
      [
       -97.079513,
       47.9199656
      ],
      [
       -97.0795352,
       47.9199506
      ],
      [
       -97.0799459,
       47.9199581
      ],
      [
       -97.0799459,
       47.9198682
      ],
      [
       -97.0799015,
       47.9198682
      ],
      [
       -97.0798904,
       47.9199206
      ],
      [
       -97.0791467,
       47.9199206
      ],
      [
       -97.0791467,
       47.9199431
      ],
      [
       -97.0791911,
       47.9199506
      ],
      [
       -97.0791911,
       47.919988
      ],
      [
       -97.0791467,
       47.9200105
      ],
      [
       -97.0791467,
       47.9201902
      ],
      [
       -97.0791134,
       47.9202202
      ],
      [
       -97.0790246,
       47.9202277
      ],
      [
       -97.0790024,
       47.92031
      ],
      [
       -97.079513,
       47.9205571
      ]
     ]
    ]
   },
   "properties": {
    "id": "MOW-008",
    "name": "UND Green Space 9",
    "category": "UND Green Space",
    "acres": "",
    "drawn_acres": 0.31,
    "crew": "",
    "frequency": "weekly",
    "mower": "",
    "ownership": "UND",
    "site": "main",
    "needs_tracing": true,
    "notes": "Imported from Mowing Map 2025 (PDF). Line the overlay up in Edit mode and re-import to place these exactly, then verify edges."
   }
  },
  {
   "type": "Feature",
   "geometry": {
    "type": "Polygon",
    "coordinates": [
     [
      [
       -97.0752397,
       47.9207369
      ],
      [
       -97.0752397,
       47.9199057
      ],
      [
       -97.0755394,
       47.9198982
      ],
      [
       -97.0755394,
       47.9198682
      ],
      [
       -97.075162,
       47.9198682
      ],
      [
       -97.0748623,
       47.9199132
      ],
      [
       -97.0743961,
       47.9199206
      ],
      [
       -97.074385,
       47.9199656
      ],
      [
       -97.0743184,
       47.9199656
      ],
      [
       -97.0743295,
       47.920003
      ],
      [
       -97.0746847,
       47.9200105
      ],
      [
       -97.0746847,
       47.9201902
      ],
      [
       -97.0745626,
       47.9201977
      ],
      [
       -97.0745515,
       47.9204298
      ],
      [
       -97.0742518,
       47.9204298
      ],
      [
       -97.0742629,
       47.9206395
      ],
      [
       -97.0743184,
       47.920647
      ],
      [
       -97.0743295,
       47.9207069
      ],
      [
       -97.0743628,
       47.9207219
      ],
      [
       -97.0745515,
       47.9207294
      ],
      [
       -97.0752397,
       47.9207369
      ]
     ]
    ]
   },
   "properties": {
    "id": "MOW-009",
    "name": "UND Green Space 10",
    "category": "UND Green Space",
    "acres": "",
    "drawn_acres": 1.35,
    "crew": "",
    "frequency": "weekly",
    "mower": "",
    "ownership": "UND",
    "site": "main",
    "needs_tracing": true,
    "notes": "Imported from Mowing Map 2025 (PDF). Line the overlay up in Edit mode and re-import to place these exactly, then verify edges."
   }
  },
  {
   "type": "Feature",
   "geometry": {
    "type": "Polygon",
    "coordinates": [
     [
      [
       -97.0779147,
       47.9207369
      ],
      [
       -97.0779591,
       47.9207219
      ],
      [
       -97.0779591,
       47.9202801
      ],
      [
       -97.0780257,
       47.9201678
      ],
      [
       -97.0781256,
       47.9200779
      ],
      [
       -97.0781256,
       47.9200255
      ],
      [
       -97.0779591,
       47.9199656
      ],
      [
       -97.0779369,
       47.9199281
      ],
      [
       -97.0778925,
       47.9199281
      ],
      [
       -97.0778814,
       47.9199057
      ],
      [
       -97.0777593,
       47.9198832
      ],
      [
       -97.0777593,
       47.9207369
      ],
      [
       -97.0779147,
       47.9207369
      ]
     ]
    ]
   },
   "properties": {
    "id": "MOW-010",
    "name": "UND Green Space 11",
    "category": "UND Green Space",
    "acres": "",
    "drawn_acres": 0.4,
    "crew": "",
    "frequency": "weekly",
    "mower": "",
    "ownership": "UND",
    "site": "main",
    "needs_tracing": true,
    "notes": "Imported from Mowing Map 2025 (PDF). Line the overlay up in Edit mode and re-import to place these exactly, then verify edges."
   }
  },
  {
   "type": "Feature",
   "geometry": {
    "type": "Polygon",
    "coordinates": [
     [
      [
       -97.0654166,
       47.9207668
      ],
      [
       -97.0655498,
       47.9207593
      ],
      [
       -97.0655387,
       47.9202576
      ],
      [
       -97.0656053,
       47.9202426
      ],
      [
       -97.0656719,
       47.9201977
      ],
      [
       -97.0653611,
       47.9201977
      ],
      [
       -97.0652945,
       47.9202127
      ],
      [
       -97.0652723,
       47.9202426
      ],
      [
       -97.0652834,
       47.9207369
      ],
      [
       -97.06535,
       47.9207369
      ],
      [
       -97.0654166,
       47.9207668
      ]
     ]
    ]
   },
   "properties": {
    "id": "MOW-011",
    "name": "UND Green Space 12",
    "category": "UND Green Space",
    "acres": "",
    "drawn_acres": 0.31,
    "crew": "",
    "frequency": "weekly",
    "mower": "",
    "ownership": "UND",
    "site": "main",
    "needs_tracing": true,
    "notes": "Imported from Mowing Map 2025 (PDF). Line the overlay up in Edit mode and re-import to place these exactly, then verify edges."
   }
  },
  {
   "type": "Feature",
   "geometry": {
    "type": "Polygon",
    "coordinates": [
     [
      [
       -97.0653611,
       47.9211787
      ],
      [
       -97.0655054,
       47.9211712
      ],
      [
       -97.0655165,
       47.9210588
      ],
      [
       -97.0657607,
       47.9210588
      ],
      [
       -97.0657607,
       47.9210139
      ],
      [
       -97.0658384,
       47.9210064
      ],
      [
       -97.0658606,
       47.920984
      ],
      [
       -97.0659938,
       47.9210064
      ],
      [
       -97.0660049,
       47.9210514
      ],
      [
       -97.0660715,
       47.9210514
      ],
      [
       -97.0660604,
       47.9209241
      ],
      [
       -97.0659383,
       47.9208567
      ],
      [
       -97.0658828,
       47.9208567
      ],
      [
       -97.0658384,
       47.9208642
      ],
      [
       -97.0658273,
       47.9209166
      ],
      [
       -97.0657607,
       47.9209241
      ],
      [
       -97.0657496,
       47.9209989
      ],
      [
       -97.065683,
       47.9209915
      ],
      [
       -97.065683,
       47.9209315
      ],
      [
       -97.0655942,
       47.9209615
      ],
      [
       -97.0656164,
       47.9210139
      ],
      [
       -97.0655831,
       47.9210289
      ],
      [
       -97.0655387,
       47.9210289
      ],
      [
       -97.0655054,
       47.920984
      ],
      [
       -97.0653611,
       47.9209989
      ],
      [
       -97.06535,
       47.9210663
      ],
      [
       -97.0653833,
       47.9210738
      ],
      [
       -97.0653611,
       47.9211787
      ]
     ]
    ]
   },
   "properties": {
    "id": "MOW-012",
    "name": "UND Green Space 13",
    "category": "UND Green Space",
    "acres": "",
    "drawn_acres": 0.17,
    "crew": "",
    "frequency": "weekly",
    "mower": "",
    "ownership": "UND",
    "site": "main",
    "needs_tracing": true,
    "notes": "Imported from Mowing Map 2025 (PDF). Line the overlay up in Edit mode and re-import to place these exactly, then verify edges."
   }
  },
  {
   "type": "Feature",
   "geometry": {
    "type": "Polygon",
    "coordinates": [
     [
      [
       -97.0877266,
       47.9212011
      ],
      [
       -97.0877488,
       47.9211787
      ],
      [
       -97.0877266,
       47.9211188
      ],
      [
       -97.0877488,
       47.9209989
      ],
      [
       -97.0878265,
       47.9209465
      ],
      [
       -97.0881928,
       47.9208267
      ],
      [
       -97.088215,
       47.9208117
      ],
      [
       -97.088215,
       47.9207294
      ],
      [
       -97.0881373,
       47.9207593
      ],
      [
       -97.087216,
       47.9207518
      ],
      [
       -97.0869607,
       47.9209615
      ],
      [
       -97.0869275,
       47.9210738
      ],
      [
       -97.0870162,
       47.9211337
      ],
      [
       -97.0872715,
       47.9211188
      ],
      [
       -97.0872826,
       47.9211412
      ],
      [
       -97.0874602,
       47.9211412
      ],
      [
       -97.0874713,
       47.9211637
      ],
      [
       -97.0875712,
       47.9211637
      ],
      [
       -97.0875934,
       47.9211936
      ],
      [
       -97.0877266,
       47.9212011
      ]
     ]
    ]
   },
   "properties": {
    "id": "MOW-013",
    "name": "UND Green Space 14",
    "category": "UND Green Space",
    "acres": "",
    "drawn_acres": 0.72,
    "crew": "",
    "frequency": "weekly",
    "mower": "",
    "ownership": "UND",
    "site": "main",
    "needs_tracing": true,
    "notes": "Imported from Mowing Map 2025 (PDF). Line the overlay up in Edit mode and re-import to place these exactly, then verify edges."
   }
  },
  {
   "type": "Feature",
   "geometry": {
    "type": "Polygon",
    "coordinates": [
     [
      [
       -97.0813222,
       47.9212461
      ],
      [
       -97.0813222,
       47.9211861
      ],
      [
       -97.0811224,
       47.9211861
      ],
      [
       -97.0811113,
       47.9211637
      ],
      [
       -97.0810225,
       47.9211487
      ],
      [
       -97.0810003,
       47.9209989
      ],
      [
       -97.0809115,
       47.9210064
      ],
      [
       -97.0808005,
       47.9209989
      ],
      [
       -97.0807672,
       47.9209765
      ],
      [
       -97.0806229,
       47.9209765
      ],
      [
       -97.0806229,
       47.9210364
      ],
      [
       -97.0805674,
       47.9210439
      ],
      [
       -97.0805563,
       47.9209765
      ],
      [
       -97.0803898,
       47.9209765
      ],
      [
       -97.080412,
       47.9210064
      ],
      [
       -97.0808116,
       47.9212011
      ],
      [
       -97.0810225,
       47.9212311
      ],
      [
       -97.081189,
       47.9212236
      ],
      [
       -97.0813222,
       47.9212461
      ]
     ]
    ]
   },
   "properties": {
    "id": "MOW-014",
    "name": "UND Green Space 15",
    "category": "UND Green Space",
    "acres": "",
    "drawn_acres": 0.22,
    "crew": "",
    "frequency": "weekly",
    "mower": "",
    "ownership": "UND",
    "site": "main",
    "needs_tracing": true,
    "notes": "Imported from Mowing Map 2025 (PDF). Line the overlay up in Edit mode and re-import to place these exactly, then verify edges."
   }
  },
  {
   "type": "Feature",
   "geometry": {
    "type": "Polygon",
    "coordinates": [
     [
      [
       -97.0669151,
       47.9212685
      ],
      [
       -97.0669817,
       47.9212236
      ],
      [
       -97.0669817,
       47.9212011
      ],
      [
       -97.0668818,
       47.9211936
      ],
      [
       -97.0668818,
       47.9208267
      ],
      [
       -97.0666709,
       47.9208267
      ],
      [
       -97.0666265,
       47.9208117
      ],
      [
       -97.0662713,
       47.9208267
      ],
      [
       -97.0662713,
       47.9208492
      ],
      [
       -97.0663601,
       47.9208642
      ],
      [
       -97.0663268,
       47.9209241
      ],
      [
       -97.0664489,
       47.9209241
      ],
      [
       -97.06646,
       47.9208791
      ],
      [
       -97.0665266,
       47.9208866
      ],
      [
       -97.0665044,
       47.9209241
      ],
      [
       -97.0665044,
       47.9210588
      ],
      [
       -97.0665599,
       47.9210663
      ],
      [
       -97.0665599,
       47.9211038
      ],
      [
       -97.0665377,
       47.9211113
      ],
      [
       -97.0665377,
       47.9211861
      ],
      [
       -97.0664711,
       47.9211936
      ],
      [
       -97.0664711,
       47.9212685
      ],
      [
       -97.0665599,
       47.9212685
      ],
      [
       -97.0665599,
       47.9212086
      ],
      [
       -97.0665821,
       47.9211936
      ],
      [
       -97.0668485,
       47.9211936
      ],
      [
       -97.0668818,
       47.9212086
      ],
      [
       -97.0668818,
       47.921261
      ],
      [
       -97.0669151,
       47.9212685
      ]
     ]
    ]
   },
   "properties": {
    "id": "MOW-015",
    "name": "UND Green Space 16",
    "category": "UND Green Space",
    "acres": "",
    "drawn_acres": 0.34,
    "crew": "",
    "frequency": "weekly",
    "mower": "",
    "ownership": "UND",
    "site": "main",
    "needs_tracing": true,
    "notes": "Imported from Mowing Map 2025 (PDF). Line the overlay up in Edit mode and re-import to place these exactly, then verify edges."
   }
  },
  {
   "type": "Feature",
   "geometry": {
    "type": "Polygon",
    "coordinates": [
     [
      [
       -97.0844856,
       47.9214857
      ],
      [
       -97.0844634,
       47.9214258
      ],
      [
       -97.0843968,
       47.9213584
      ],
      [
       -97.0843746,
       47.9213584
      ],
      [
       -97.0843635,
       47.9214033
      ],
      [
       -97.0842525,
       47.9214033
      ],
      [
       -97.0842192,
       47.9213509
      ],
      [
       -97.0841637,
       47.9213509
      ],
      [
       -97.0841415,
       47.9214033
      ],
      [
       -97.0838085,
       47.9214033
      ],
      [
       -97.0837863,
       47.9213434
      ],
      [
       -97.0836198,
       47.9213434
      ],
      [
       -97.0836087,
       47.9213958
      ],
      [
       -97.0828872,
       47.9213958
      ],
      [
       -97.0828872,
       47.9214108
      ],
      [
       -97.0841415,
       47.9214857
      ],
      [
       -97.0844856,
       47.9214857
      ]
     ]
    ]
   },
   "properties": {
    "id": "MOW-016",
    "name": "UND Green Space 17",
    "category": "UND Green Space",
    "acres": "",
    "drawn_acres": 0.22,
    "crew": "",
    "frequency": "weekly",
    "mower": "",
    "ownership": "UND",
    "site": "main",
    "needs_tracing": true,
    "notes": "Imported from Mowing Map 2025 (PDF). Line the overlay up in Edit mode and re-import to place these exactly, then verify edges."
   }
  },
  {
   "type": "Feature",
   "geometry": {
    "type": "Polygon",
    "coordinates": [
     [
      [
       -97.0721873,
       47.9215156
      ],
      [
       -97.0721873,
       47.9214632
      ],
      [
       -97.0721207,
       47.9213808
      ],
      [
       -97.072043,
       47.9213734
      ],
      [
       -97.0720652,
       47.921291
      ],
      [
       -97.0716767,
       47.9211412
      ],
      [
       -97.0714437,
       47.9209915
      ],
      [
       -97.0713549,
       47.9208342
      ],
      [
       -97.071366,
       47.9206919
      ],
      [
       -97.0714104,
       47.9206021
      ],
      [
       -97.0715547,
       47.9204823
      ],
      [
       -97.071821,
       47.9203999
      ],
      [
       -97.071932,
       47.92034
      ],
      [
       -97.0721096,
       47.920355
      ],
      [
       -97.0722428,
       47.92031
      ],
      [
       -97.0723316,
       47.92031
      ],
      [
       -97.0723982,
       47.9203325
      ],
      [
       -97.0724981,
       47.9202801
      ],
      [
       -97.0726868,
       47.9202426
      ],
      [
       -97.0728866,
       47.9201603
      ],
      [
       -97.0729976,
       47.9201378
      ],
      [
       -97.0733084,
       47.9199581
      ],
      [
       -97.0733306,
       47.9198682
      ],
      [
       -97.0732973,
       47.9198308
      ],
      [
       -97.0731308,
       47.9198083
      ],
      [
       -97.0730975,
       47.9198982
      ],
      [
       -97.0729643,
       47.9199955
      ],
      [
       -97.0724426,
       47.9199955
      ],
      [
       -97.0723649,
       47.9200405
      ],
      [
       -97.0723205,
       47.9200405
      ],
      [
       -97.0723094,
       47.9199656
      ],
      [
       -97.0721207,
       47.9199656
      ],
      [
       -97.0721207,
       47.919988
      ],
      [
       -97.0721873,
       47.920003
      ],
      [
       -97.0721873,
       47.9201004
      ],
      [
       -97.0720763,
       47.9201528
      ],
      [
       -97.0720319,
       47.9201528
      ],
      [
       -97.0719209,
       47.9201078
      ],
      [
       -97.0719209,
       47.920003
      ],
      [
       -97.0719875,
       47.919988
      ],
      [
       -97.0719875,
       47.9199656
      ],
      [
       -97.0718432,
       47.9199656
      ],
      [
       -97.0717433,
       47.9200929
      ],
      [
       -97.0716213,
       47.9201977
      ],
      [
       -97.0716323,
       47.9202501
      ],
      [
       -97.0715103,
       47.9202951
      ],
      [
       -97.0714659,
       47.9202951
      ],
      [
       -97.0714326,
       47.9202726
      ],
      [
       -97.0711995,
       47.9205047
      ],
      [
       -97.0711995,
       47.9205197
      ],
      [
       -97.0712439,
       47.9205272
      ],
      [
       -97.0712439,
       47.9205571
      ],
      [
       -97.0712106,
       47.9205646
      ],
      [
       -97.0711551,
       47.9207144
      ],
      [
       -97.0711662,
       47.9209016
      ],
      [
       -97.0711107,
       47.9209091
      ],
      [
       -97.0711107,
       47.920954
      ],
      [
       -97.071144,
       47.9209615
      ],
      [
       -97.0711662,
       47.9210364
      ],
      [
       -97.0711995,
       47.9210139
      ],
      [
       -97.071255,
       47.9210214
      ],
      [
       -97.0712439,
       47.9210588
      ],
      [
       -97.0711773,
       47.9210588
      ],
      [
       -97.0711995,
       47.9211712
      ],
      [
       -97.0712439,
       47.9211936
      ],
      [
       -97.0714104,
       47.9212161
      ],
      [
       -97.0719209,
       47.9214183
      ],
      [
       -97.0719431,
       47.9214482
      ],
      [
       -97.0719986,
       47.9214482
      ],
      [
       -97.0721873,
       47.9215156
      ]
     ]
    ]
   },
   "properties": {
    "id": "MOW-017",
    "name": "UND Green Space 18",
    "category": "UND Green Space",
    "acres": "",
    "drawn_acres": 1.63,
    "crew": "",
    "frequency": "weekly",
    "mower": "",
    "ownership": "UND",
    "site": "main",
    "needs_tracing": true,
    "notes": "Imported from Mowing Map 2025 (PDF). Line the overlay up in Edit mode and re-import to place these exactly, then verify edges."
   }
  },
  {
   "type": "Feature",
   "geometry": {
    "type": "Polygon",
    "coordinates": [
     [
      [
       -97.0596671,
       47.9216354
      ],
      [
       -97.0596671,
       47.9215606
      ],
      [
       -97.0596893,
       47.9215456
      ],
      [
       -97.0596893,
       47.9205871
      ],
      [
       -97.0596449,
       47.9205796
      ],
      [
       -97.0596449,
       47.9204673
      ],
      [
       -97.0596116,
       47.9204673
      ],
      [
       -97.0595894,
       47.9205796
      ],
      [
       -97.0593008,
       47.9205796
      ],
      [
       -97.0592453,
       47.920632
      ],
      [
       -97.0591454,
       47.920662
      ],
      [
       -97.0591121,
       47.9206919
      ],
      [
       -97.0591121,
       47.9214183
      ],
      [
       -97.0590566,
       47.9215456
      ],
      [
       -97.0589456,
       47.9216354
      ],
      [
       -97.0593341,
       47.9216354
      ],
      [
       -97.0593563,
       47.9215905
      ],
      [
       -97.0594118,
       47.921598
      ],
      [
       -97.0594118,
       47.9216354
      ],
      [
       -97.0596671,
       47.9216354
      ]
     ]
    ]
   },
   "properties": {
    "id": "MOW-018",
    "name": "UND Green Space 19",
    "category": "UND Green Space",
    "acres": "",
    "drawn_acres": 1.26,
    "crew": "",
    "frequency": "weekly",
    "mower": "",
    "ownership": "UND",
    "site": "main",
    "needs_tracing": true,
    "notes": "Imported from Mowing Map 2025 (PDF). Line the overlay up in Edit mode and re-import to place these exactly, then verify edges."
   }
  },
  {
   "type": "Feature",
   "geometry": {
    "type": "Polygon",
    "coordinates": [
     [
      [
       -97.0880485,
       47.9216429
      ],
      [
       -97.0880485,
       47.9215231
      ],
      [
       -97.0878709,
       47.9214108
      ],
      [
       -97.0875379,
       47.921291
      ],
      [
       -97.0872271,
       47.9212461
      ],
      [
       -97.0864613,
       47.9212461
      ],
      [
       -97.0864613,
       47.9214482
      ],
      [
       -97.0865057,
       47.9214258
      ],
      [
       -97.0865723,
       47.9214258
      ],
      [
       -97.0865945,
       47.9215156
      ],
      [
       -97.0866611,
       47.9215156
      ],
      [
       -97.0866833,
       47.9214857
      ],
      [
       -97.0868609,
       47.9214857
      ],
      [
       -97.0868831,
       47.9215156
      ],
      [
       -97.0870939,
       47.9215081
      ],
      [
       -97.0871161,
       47.9215531
      ],
      [
       -97.0871605,
       47.9215306
      ],
      [
       -97.087327,
       47.9215306
      ],
      [
       -97.0873492,
       47.921568
      ],
      [
       -97.0879486,
       47.9215606
      ],
      [
       -97.0879708,
       47.9215755
      ],
      [
       -97.0879708,
       47.9216429
      ],
      [
       -97.0880485,
       47.9216429
      ]
     ]
    ]
   },
   "properties": {
    "id": "MOW-019",
    "name": "UND Green Space 20",
    "category": "UND Green Space",
    "acres": "",
    "drawn_acres": 0.77,
    "crew": "",
    "frequency": "weekly",
    "mower": "",
    "ownership": "UND",
    "site": "main",
    "needs_tracing": true,
    "notes": "Imported from Mowing Map 2025 (PDF). Line the overlay up in Edit mode and re-import to place these exactly, then verify edges."
   }
  },
  {
   "type": "Feature",
   "geometry": {
    "type": "Polygon",
    "coordinates": [
     [
      [
       -97.0835532,
       47.9216504
      ],
      [
       -97.0836531,
       47.9216354
      ],
      [
       -97.0836531,
       47.9215905
      ],
      [
       -97.0835421,
       47.9215531
      ],
      [
       -97.0827096,
       47.9215007
      ],
      [
       -97.0825099,
       47.9215081
      ],
      [
       -97.0825099,
       47.9216354
      ],
      [
       -97.0825432,
       47.9216504
      ],
      [
       -97.0825764,
       47.9216504
      ],
      [
       -97.0825875,
       47.9215905
      ],
      [
       -97.0834977,
       47.921598
      ],
      [
       -97.0835532,
       47.9216504
      ]
     ]
    ]
   },
   "properties": {
    "id": "MOW-020",
    "name": "UND Green Space 21",
    "category": "UND Green Space",
    "acres": "",
    "drawn_acres": 0.18,
    "crew": "",
    "frequency": "weekly",
    "mower": "",
    "ownership": "UND",
    "site": "main",
    "needs_tracing": true,
    "notes": "Imported from Mowing Map 2025 (PDF). Line the overlay up in Edit mode and re-import to place these exactly, then verify edges."
   }
  },
  {
   "type": "Feature",
   "geometry": {
    "type": "Polygon",
    "coordinates": [
     [
      [
       -97.0674478,
       47.9218226
      ],
      [
       -97.067803,
       47.9218226
      ],
      [
       -97.067803,
       47.9218002
      ],
      [
       -97.0677697,
       47.9217777
      ],
      [
       -97.0676143,
       47.9217777
      ],
      [
       -97.0675477,
       47.9217403
      ],
      [
       -97.0675033,
       47.9217403
      ],
      [
       -97.0674145,
       47.9216654
      ],
      [
       -97.0673923,
       47.9215755
      ],
      [
       -97.0674145,
       47.9215531
      ],
      [
       -97.0675033,
       47.9215606
      ],
      [
       -97.0675033,
       47.9215007
      ],
      [
       -97.0675366,
       47.9214857
      ],
      [
       -97.0675366,
       47.9214632
      ],
      [
       -97.0674922,
       47.9214632
      ],
      [
       -97.0674811,
       47.9214258
      ],
      [
       -97.0672924,
       47.9214183
      ],
      [
       -97.0672591,
       47.9213958
      ],
      [
       -97.0672591,
       47.9213659
      ],
      [
       -97.0673035,
       47.9213584
      ],
      [
       -97.0673035,
       47.9212685
      ],
      [
       -97.0672481,
       47.9212685
      ],
      [
       -97.0672481,
       47.9213134
      ],
      [
       -97.0671926,
       47.9213209
      ],
      [
       -97.0671593,
       47.9213659
      ],
      [
       -97.0670927,
       47.9213659
      ],
      [
       -97.067015,
       47.9213359
      ],
      [
       -97.0669928,
       47.9214333
      ],
      [
       -97.0667819,
       47.9214333
      ],
      [
       -97.0667708,
       47.9214482
      ],
      [
       -97.0666709,
       47.9214557
      ],
      [
       -97.0666154,
       47.9214557
      ],
      [
       -97.0666043,
       47.9214333
      ],
      [
       -97.0663157,
       47.9214333
      ],
      [
       -97.0662824,
       47.9214632
      ],
      [
       -97.0662269,
       47.9214632
      ],
      [
       -97.0662269,
       47.9214857
      ],
      [
       -97.0663268,
       47.9214857
      ],
      [
       -97.0663601,
       47.9215231
      ],
      [
       -97.0664711,
       47.9215081
      ],
      [
       -97.0665044,
       47.9215306
      ],
      [
       -97.0664933,
       47.921568
      ],
      [
       -97.0663934,
       47.921568
      ],
      [
       -97.0664045,
       47.9216729
      ],
      [
       -97.066571,
       47.9216729
      ],
      [
       -97.066571,
       47.921613
      ],
      [
       -97.0665932,
       47.921598
      ],
      [
       -97.0668596,
       47.921598
      ],
      [
       -97.0668485,
       47.9215606
      ],
      [
       -97.066793,
       47.9215531
      ],
      [
       -97.0668041,
       47.9215081
      ],
      [
       -97.0668485,
       47.9215081
      ],
      [
       -97.0668707,
       47.9215306
      ],
      [
       -97.067015,
       47.9215306
      ],
      [
       -97.0670483,
       47.9215905
      ],
      [
       -97.0669595,
       47.921613
      ],
      [
       -97.0669595,
       47.9218301
      ],
      [
       -97.0670594,
       47.9218301
      ],
      [
       -97.0670483,
       47.921598
      ],
      [
       -97.0670816,
       47.9215905
      ],
      [
       -97.0670816,
       47.9215306
      ],
      [
       -97.0671038,
       47.9215156
      ],
      [
       -97.0673368,
       47.9215156
      ],
      [
       -97.0673479,
       47.9215905
      ],
      [
       -97.0673701,
       47.921598
      ],
      [
       -97.0673701,
       47.9217927
      ],
      [
       -97.0673257,
       47.9218002
      ],
      [
       -97.0673257,
       47.9218152
      ],
      [
       -97.0674367,
       47.9218077
      ],
      [
       -97.0674478,
       47.9218226
      ]
     ]
    ]
   },
   "properties": {
    "id": "MOW-021",
    "name": "UND Green Space 22",
    "category": "UND Green Space",
    "acres": "",
    "drawn_acres": 0.5,
    "crew": "",
    "frequency": "weekly",
    "mower": "",
    "ownership": "UND",
    "site": "main",
    "needs_tracing": true,
    "notes": "Imported from Mowing Map 2025 (PDF). Line the overlay up in Edit mode and re-import to place these exactly, then verify edges."
   }
  },
  {
   "type": "Feature",
   "geometry": {
    "type": "Polygon",
    "coordinates": [
     [
      [
       -97.077948,
       47.9218451
      ],
      [
       -97.0779591,
       47.9208492
      ],
      [
       -97.0779147,
       47.9208342
      ],
      [
       -97.0777593,
       47.9208342
      ],
      [
       -97.0777593,
       47.9218451
      ],
      [
       -97.077948,
       47.9218451
      ]
     ]
    ]
   },
   "properties": {
    "id": "MOW-022",
    "name": "UND Green Space 23",
    "category": "UND Green Space",
    "acres": "",
    "drawn_acres": 0.4,
    "crew": "",
    "frequency": "weekly",
    "mower": "",
    "ownership": "UND",
    "site": "main",
    "needs_tracing": true,
    "notes": "Imported from Mowing Map 2025 (PDF). Line the overlay up in Edit mode and re-import to place these exactly, then verify edges."
   }
  },
  {
   "type": "Feature",
   "geometry": {
    "type": "Polygon",
    "coordinates": [
     [
      [
       -97.0754728,
       47.9218676
      ],
      [
       -97.075495,
       47.9218451
      ],
      [
       -97.075495,
       47.9217028
      ],
      [
       -97.0754728,
       47.9216953
      ],
      [
       -97.075495,
       47.9216504
      ],
      [
       -97.075495,
       47.9214258
      ],
      [
       -97.0754617,
       47.9214183
      ],
      [
       -97.0754617,
       47.9213883
      ],
      [
       -97.075495,
       47.9213808
      ],
      [
       -97.075495,
       47.9208342
      ],
      [
       -97.0754395,
       47.9208342
      ],
      [
       -97.0754284,
       47.9209765
      ],
      [
       -97.0753174,
       47.9210813
      ],
      [
       -97.0752175,
       47.9211113
      ],
      [
       -97.0747846,
       47.9211188
      ],
      [
       -97.0747402,
       47.9211337
      ],
      [
       -97.0747402,
       47.9211562
      ],
      [
       -97.0747624,
       47.9211936
      ],
      [
       -97.0748734,
       47.9212311
      ],
      [
       -97.0749178,
       47.9212835
      ],
      [
       -97.0750954,
       47.921276
      ],
      [
       -97.0752286,
       47.9213434
      ],
      [
       -97.0752508,
       47.9213734
      ],
      [
       -97.0752286,
       47.9214407
      ],
      [
       -97.0753063,
       47.9214482
      ],
      [
       -97.0753063,
       47.921598
      ],
      [
       -97.0752397,
       47.9216055
      ],
      [
       -97.0752397,
       47.9216205
      ],
      [
       -97.0753063,
       47.921628
      ],
      [
       -97.0753174,
       47.9216879
      ],
      [
       -97.0753174,
       47.9217552
      ],
      [
       -97.0752397,
       47.9217702
      ],
      [
       -97.0752397,
       47.9218301
      ],
      [
       -97.0752619,
       47.9218676
      ],
      [
       -97.0754728,
       47.9218676
      ]
     ]
    ]
   },
   "properties": {
    "id": "MOW-023",
    "name": "UND Green Space 24",
    "category": "UND Green Space",
    "acres": "",
    "drawn_acres": 0.56,
    "crew": "",
    "frequency": "weekly",
    "mower": "",
    "ownership": "UND",
    "site": "main",
    "needs_tracing": true,
    "notes": "Imported from Mowing Map 2025 (PDF). Line the overlay up in Edit mode and re-import to place these exactly, then verify edges."
   }
  },
  {
   "type": "Feature",
   "geometry": {
    "type": "Polygon",
    "coordinates": [
     [
      [
       -97.0708998,
       47.921935
      ],
      [
       -97.0709886,
       47.9215755
      ],
      [
       -97.0709886,
       47.9215306
      ],
      [
       -97.0709442,
       47.9215306
      ],
      [
       -97.0709331,
       47.9214932
      ],
      [
       -97.0709775,
       47.9214407
      ],
      [
       -97.0710219,
       47.9214407
      ],
      [
       -97.0710219,
       47.9213734
      ],
      [
       -97.0705446,
       47.9213734
      ],
      [
       -97.0705002,
       47.9213958
      ],
      [
       -97.0705113,
       47.9218451
      ],
      [
       -97.0705557,
       47.9218751
      ],
      [
       -97.070811,
       47.9218751
      ],
      [
       -97.0708221,
       47.9219125
      ],
      [
       -97.0708998,
       47.921935
      ]
     ]
    ]
   },
   "properties": {
    "id": "MOW-024",
    "name": "UND Green Space 25",
    "category": "UND Green Space",
    "acres": "",
    "drawn_acres": 0.48,
    "crew": "",
    "frequency": "weekly",
    "mower": "",
    "ownership": "UND",
    "site": "main",
    "needs_tracing": true,
    "notes": "Imported from Mowing Map 2025 (PDF). Line the overlay up in Edit mode and re-import to place these exactly, then verify edges."
   }
  },
  {
   "type": "Feature",
   "geometry": {
    "type": "Polygon",
    "coordinates": [
     [
      [
       -97.0710219,
       47.9220024
      ],
      [
       -97.0713327,
       47.9219874
      ],
      [
       -97.0713438,
       47.9218301
      ],
      [
       -97.071821,
       47.9218152
      ],
      [
       -97.0718321,
       47.9219275
      ],
      [
       -97.0718543,
       47.9219275
      ],
      [
       -97.0718543,
       47.9218002
      ],
      [
       -97.0713216,
       47.9218077
      ],
      [
       -97.0713105,
       47.9218226
      ],
      [
       -97.0712106,
       47.9218002
      ],
      [
       -97.0712106,
       47.9215531
      ],
      [
       -97.0714437,
       47.9213734
      ],
      [
       -97.0714215,
       47.9213284
      ],
      [
       -97.0712883,
       47.9212835
      ],
      [
       -97.0711662,
       47.921291
      ],
      [
       -97.0711884,
       47.9213883
      ],
      [
       -97.0710885,
       47.9218152
      ],
      [
       -97.0710663,
       47.9218226
      ],
      [
       -97.0710885,
       47.9218451
      ],
      [
       -97.0710885,
       47.9219275
      ],
      [
       -97.0710219,
       47.921935
      ],
      [
       -97.0710219,
       47.9220024
      ]
     ]
    ]
   },
   "properties": {
    "id": "MOW-025",
    "name": "UND Green Space 26",
    "category": "UND Green Space",
    "acres": "",
    "drawn_acres": 0.27,
    "crew": "",
    "frequency": "weekly",
    "mower": "",
    "ownership": "UND",
    "site": "main",
    "needs_tracing": true,
    "notes": "Imported from Mowing Map 2025 (PDF). Line the overlay up in Edit mode and re-import to place these exactly, then verify edges."
   }
  },
  {
   "type": "Feature",
   "geometry": {
    "type": "Polygon",
    "coordinates": [
     [
      [
       -97.0885369,
       47.9220847
      ],
      [
       -97.0885591,
       47.9220248
      ],
      [
       -97.0885258,
       47.9220024
      ],
      [
       -97.0884814,
       47.9218751
      ],
      [
       -97.0883815,
       47.9217552
      ],
      [
       -97.0883149,
       47.9217028
      ],
      [
       -97.0881373,
       47.9217028
      ],
      [
       -97.0881373,
       47.9217552
      ],
      [
       -97.0882372,
       47.9217552
      ],
      [
       -97.0882594,
       47.9217702
      ],
      [
       -97.0882483,
       47.9220847
      ],
      [
       -97.0885369,
       47.9220847
      ]
     ]
    ]
   },
   "properties": {
    "id": "MOW-026",
    "name": "UND Green Space 27",
    "category": "UND Green Space",
    "acres": "",
    "drawn_acres": 0.18,
    "crew": "",
    "frequency": "weekly",
    "mower": "",
    "ownership": "UND",
    "site": "main",
    "needs_tracing": true,
    "notes": "Imported from Mowing Map 2025 (PDF). Line the overlay up in Edit mode and re-import to place these exactly, then verify edges."
   }
  },
  {
   "type": "Feature",
   "geometry": {
    "type": "Polygon",
    "coordinates": [
     [
      [
       -97.070256,
       47.9221147
      ],
      [
       -97.0702893,
       47.9220548
      ],
      [
       -97.0702116,
       47.9220398
      ],
      [
       -97.0702116,
       47.9219574
      ],
      [
       -97.0699785,
       47.921935
      ],
      [
       -97.0699896,
       47.9218676
      ],
      [
       -97.0701339,
       47.92189
      ],
      [
       -97.0701894,
       47.9218526
      ],
      [
       -97.0701894,
       47.9216953
      ],
      [
       -97.0699896,
       47.9216879
      ],
      [
       -97.0699674,
       47.9216429
      ],
      [
       -97.0699785,
       47.9215606
      ],
      [
       -97.0701894,
       47.9215531
      ],
      [
       -97.0701783,
       47.9213958
      ],
      [
       -97.0701339,
       47.9213734
      ],
      [
       -97.0699785,
       47.9213808
      ],
      [
       -97.0699674,
       47.921306
      ],
      [
       -97.0699008,
       47.9212311
      ],
      [
       -97.0696122,
       47.9212236
      ],
      [
       -97.0696122,
       47.9211936
      ],
      [
       -97.0696788,
       47.9211637
      ],
      [
       -97.0697121,
       47.9211038
      ],
      [
       -97.0697787,
       47.9210813
      ],
      [
       -97.0697787,
       47.9210514
      ],
      [
       -97.0697343,
       47.9210439
      ],
      [
       -97.0697343,
       47.9210064
      ],
      [
       -97.069923,
       47.9210139
      ],
      [
       -97.0698564,
       47.920954
      ],
      [
       -97.0698564,
       47.9208866
      ],
      [
       -97.0698231,
       47.9208642
      ],
      [
       -97.0698231,
       47.9206545
      ],
      [
       -97.0700007,
       47.920647
      ],
      [
       -97.0700007,
       47.9205721
      ],
      [
       -97.0700229,
       47.9205571
      ],
      [
       -97.0702893,
       47.9205571
      ],
      [
       -97.0703115,
       47.9205721
      ],
      [
       -97.0703115,
       47.9207593
      ],
      [
       -97.0703559,
       47.9207668
      ],
      [
       -97.0703781,
       47.9208042
      ],
      [
       -97.0707444,
       47.9208042
      ],
      [
       -97.0707666,
       47.9208192
      ],
      [
       -97.0707555,
       47.9210139
      ],
      [
       -97.0702227,
       47.9210139
      ],
      [
       -97.0701783,
       47.9209765
      ],
      [
       -97.0701228,
       47.9209765
      ],
      [
       -97.0700118,
       47.9210888
      ],
      [
       -97.0700229,
       47.9213134
      ],
      [
       -97.0702116,
       47.921291
      ],
      [
       -97.0702227,
       47.9211936
      ],
      [
       -97.0704558,
       47.9211936
      ],
      [
       -97.070478,
       47.9212086
      ],
      [
       -97.070478,
       47.9212835
      ],
      [
       -97.0705446,
       47.921306
      ],
      [
       -97.071033,
       47.9213134
      ],
      [
       -97.0710552,
       47.921306
      ],
      [
       -97.0710774,
       47.9212086
      ],
      [
       -97.0710108,
       47.9211936
      ],
      [
       -97.0709886,
       47.9210214
      ],
      [
       -97.0708887,
       47.9208567
      ],
      [
       -97.0706778,
       47.9207144
      ],
      [
       -97.0706112,
       47.9207369
      ],
      [
       -97.0704558,
       47.9207144
      ],
      [
       -97.0704336,
       47.9206545
      ],
      [
       -97.0704558,
       47.9205646
      ],
      [
       -97.0703892,
       47.9205197
      ],
      [
       -97.0699341,
       47.9205197
      ],
      [
       -97.0699119,
       47.9204748
      ],
      [
       -97.0703004,
       47.9204748
      ],
      [
       -97.070256,
       47.9204298
      ],
      [
       -97.0702782,
       47.9203774
      ],
      [
       -97.0702449,
       47.9203325
      ],
      [
       -97.0702338,
       47.9202426
      ],
      [
       -97.0703337,
       47.9201752
      ],
      [
       -97.0703448,
       47.9201228
      ],
      [
       -97.0705779,
       47.9201228
      ],
      [
       -97.070589,
       47.9201378
      ],
      [
       -97.0707111,
       47.9201528
      ],
      [
       -97.0707222,
       47.9201827
      ],
      [
       -97.0709109,
       47.92031
      ],
      [
       -97.0709553,
       47.9203175
      ],
      [
       -97.0709553,
       47.920355
      ],
      [
       -97.071033,
       47.9204074
      ],
      [
       -97.0710108,
       47.9204748
      ],
      [
       -97.0710663,
       47.9204748
      ],
      [
       -97.0711884,
       47.920325
      ],
      [
       -97.0713327,
       47.9202127
      ],
      [
       -97.0713327,
       47.9201827
      ],
      [
       -97.0713771,
       47.9201752
      ],
      [
       -97.0714992,
       47.9200779
      ],
      [
       -97.0715991,
       47.9199581
      ],
      [
       -97.0716545,
       47.9198158
      ],
      [
       -97.0716545,
       47.9196735
      ],
      [
       -97.0716323,
       47.9196586
      ],
      [
       -97.0711662,
       47.9196586
      ],
      [
       -97.0711662,
       47.9197035
      ],
      [
       -97.0713438,
       47.9197035
      ],
      [
       -97.0714881,
       47.9197784
      ],
      [
       -97.0715325,
       47.9198458
      ],
      [
       -97.0715325,
       47.9199206
      ],
      [
       -97.0714326,
       47.9200554
      ],
      [
       -97.071255,
       47.9201528
      ],
      [
       -97.0712328,
       47.9201827
      ],
      [
       -97.0710663,
       47.9201827
      ],
      [
       -97.0710441,
       47.9201678
      ],
      [
       -97.0708554,
       47.9201678
      ],
      [
       -97.0708443,
       47.9201303
      ],
      [
       -97.0707111,
       47.9200629
      ],
      [
       -97.0706445,
       47.9199656
      ],
      [
       -97.0706445,
       47.9198832
      ],
      [
       -97.0706889,
       47.9198008
      ],
      [
       -97.0707777,
       47.9197334
      ],
      [
       -97.070922,
       47.919696
      ],
      [
       -97.070922,
       47.9196586
      ],
      [
       -97.0700673,
       47.9196511
      ],
      [
       -97.0700673,
       47.919666
      ],
      [
       -97.0703115,
       47.919666
      ],
      [
       -97.0703226,
       47.9198083
      ],
      [
       -97.0705446,
       47.9198158
      ],
      [
       -97.0705446,
       47.9199506
      ],
      [
       -97.0705113,
       47.920018
      ],
      [
       -97.0703115,
       47.920018
      ],
      [
       -97.0703115,
       47.9200779
      ],
      [
       -97.0702893,
       47.9200929
      ],
      [
       -97.0701783,
       47.9200929
      ],
      [
       -97.0701672,
       47.9201603
      ],
      [
       -97.0701006,
       47.9201453
      ],
      [
       -97.0700895,
       47.9200929
      ],
      [
       -97.0699563,
       47.9200779
      ],
      [
       -97.0699563,
       47.9200105
      ],
      [
       -97.0697454,
       47.9200105
      ],
      [
       -97.0697343,
       47.9201228
      ],
      [
       -97.0696233,
       47.9200929
      ],
      [
       -97.068913,
       47.9200929
      ],
      [
       -97.0688908,
       47.9201228
      ],
      [
       -97.0688908,
       47.9205122
      ],
      [
       -97.0686244,
       47.9205197
      ],
      [
       -97.0686244,
       47.9205646
      ],
      [
       -97.0686799,
       47.9205796
      ],
      [
       -97.0686799,
       47.9206096
      ],
      [
       -97.0687465,
       47.9206096
      ],
      [
       -97.0688131,
       47.9206769
      ],
      [
       -97.068802,
       47.9207369
      ],
      [
       -97.0687354,
       47.9207443
      ],
      [
       -97.0687243,
       47.9207144
      ],
      [
       -97.0686799,
       47.9207144
      ],
      [
       -97.0686799,
       47.9208042
      ],
      [
       -97.0686244,
       47.9208117
      ],
      [
       -97.0686133,
       47.9208791
      ],
      [
       -97.0684135,
       47.9208791
      ],
      [
       -97.0684024,
       47.9208117
      ],
      [
       -97.0683247,
       47.9207968
      ],
      [
       -97.0683247,
       47.9207144
      ],
      [
       -97.0682803,
       47.9207144
      ],
      [
       -97.0682803,
       47.9209091
      ],
      [
       -97.0683358,
       47.9209091
      ],
      [
       -97.0683469,
       47.920939
      ],
      [
       -97.0684468,
       47.9209915
      ],
      [
       -97.0685578,
       47.920984
      ],
      [
       -97.0686355,
       47.9209989
      ],
      [
       -97.0686244,
       47.9210439
      ],
      [
       -97.0684246,
       47.9210439
      ],
      [
       -97.0683691,
       47.9210588
      ],
      [
       -97.0683469,
       47.9210888
      ],
      [
       -97.0682803,
       47.9210888
      ],
      [
       -97.0682803,
       47.9211787
      ],
      [
       -97.0683025,
       47.9212011
      ],
      [
       -97.0682803,
       47.9213284
      ],
      [
       -97.0683358,
       47.9213359
      ],
      [
       -97.0683469,
       47.9214033
      ],
      [
       -97.0685134,
       47.9214108
      ],
      [
       -97.0685023,
       47.9214482
      ],
      [
       -97.0683691,
       47.9214482
      ],
      [
       -97.0683469,
       47.9214632
      ],
      [
       -97.0683469,
       47.9215456
      ],
      [
       -97.0684357,
       47.9215456
      ],
      [
       -97.0685023,
       47.921583
      ],
      [
       -97.0685023,
       47.921613
      ],
      [
       -97.0683691,
       47.9216205
      ],
      [
       -97.0683247,
       47.9216729
      ],
      [
       -97.0682803,
       47.9216729
      ],
      [
       -97.0682803,
       47.9218451
      ],
      [
       -97.0683358,
       47.9218451
      ],
      [
       -97.0683469,
       47.9218751
      ],
      [
       -97.0683913,
       47.9218975
      ],
      [
       -97.0683913,
       47.9219574
      ],
      [
       -97.0683469,
       47.9219724
      ],
      [
       -97.068358,
       47.9220398
      ],
      [
       -97.0683025,
       47.9220623
      ],
      [
       -97.0683025,
       47.9220997
      ],
      [
       -97.0687243,
       47.9220922
      ],
      [
       -97.0689685,
       47.9220024
      ],
      [
       -97.0692682,
       47.9219724
      ],
      [
       -97.0692793,
       47.9220098
      ],
      [
       -97.0693681,
       47.9220173
      ],
      [
       -97.069479,
       47.9220548
      ],
      [
       -97.0695567,
       47.9221147
      ],
      [
       -97.070256,
       47.9221147
      ]
     ]
    ]
   },
   "properties": {
    "id": "MOW-027",
    "name": "UND Green Space 28",
    "category": "UND Green Space",
    "acres": "",
    "drawn_acres": 7.58,
    "crew": "",
    "frequency": "weekly",
    "mower": "",
    "ownership": "UND",
    "site": "main",
    "needs_tracing": true,
    "notes": "Imported from Mowing Map 2025 (PDF). Line the overlay up in Edit mode and re-import to place these exactly, then verify edges."
   }
  },
  {
   "type": "Feature",
   "geometry": {
    "type": "Polygon",
    "coordinates": [
     [
      [
       -97.062775,
       47.9221222
      ],
      [
       -97.0627861,
       47.9220922
      ],
      [
       -97.0627528,
       47.9220548
      ],
      [
       -97.062775,
       47.9219724
      ],
      [
       -97.062664,
       47.921935
      ],
      [
       -97.0625974,
       47.9219275
      ],
      [
       -97.0625752,
       47.9219499
      ],
      [
       -97.0625308,
       47.9219499
      ],
      [
       -97.0623976,
       47.92189
      ],
      [
       -97.0622533,
       47.9219724
      ],
      [
       -97.062109,
       47.9220173
      ],
      [
       -97.0618093,
       47.9220323
      ],
      [
       -97.0616539,
       47.9220024
      ],
      [
       -97.0614985,
       47.9219425
      ],
      [
       -97.0613875,
       47.9218751
      ],
      [
       -97.0612654,
       47.9217478
      ],
      [
       -97.0610101,
       47.9217478
      ],
      [
       -97.060999,
       47.9217702
      ],
      [
       -97.0610323,
       47.9218825
      ],
      [
       -97.0610656,
       47.9218975
      ],
      [
       -97.0610656,
       47.9219425
      ],
      [
       -97.0612765,
       47.921935
      ],
      [
       -97.0613209,
       47.9219499
      ],
      [
       -97.0613986,
       47.9220024
      ],
      [
       -97.0614541,
       47.9221147
      ],
      [
       -97.062775,
       47.9221222
      ]
     ]
    ]
   },
   "properties": {
    "id": "MOW-028",
    "name": "UND Green Space 29",
    "category": "UND Green Space",
    "acres": "",
    "drawn_acres": 0.54,
    "crew": "",
    "frequency": "weekly",
    "mower": "",
    "ownership": "UND",
    "site": "main",
    "needs_tracing": true,
    "notes": "Imported from Mowing Map 2025 (PDF). Line the overlay up in Edit mode and re-import to place these exactly, then verify edges."
   }
  },
  {
   "type": "Feature",
   "geometry": {
    "type": "Polygon",
    "coordinates": [
     [
      [
       -97.07383,
       47.9221896
      ],
      [
       -97.073941,
       47.9221671
      ],
      [
       -97.073941,
       47.9221521
      ],
      [
       -97.0735082,
       47.921935
      ],
      [
       -97.0733195,
       47.9217852
      ],
      [
       -97.0729532,
       47.921583
      ],
      [
       -97.0723427,
       47.9213808
      ],
      [
       -97.0721096,
       47.9213284
      ],
      [
       -97.0721096,
       47.9213584
      ],
      [
       -97.0721762,
       47.9213584
      ],
      [
       -97.0722983,
       47.9214033
      ],
      [
       -97.0722983,
       47.9214333
      ],
      [
       -97.0722539,
       47.9214407
      ],
      [
       -97.0722539,
       47.9215531
      ],
      [
       -97.0725869,
       47.9215606
      ],
      [
       -97.072598,
       47.9215306
      ],
      [
       -97.0726424,
       47.9215306
      ],
      [
       -97.073153,
       47.9218002
      ],
      [
       -97.0732862,
       47.92189
      ],
      [
       -97.0733528,
       47.9219949
      ],
      [
       -97.0733639,
       47.9221072
      ],
      [
       -97.0735526,
       47.9221147
      ],
      [
       -97.0736858,
       47.9221746
      ],
      [
       -97.07383,
       47.9221896
      ]
     ]
    ]
   },
   "properties": {
    "id": "MOW-029",
    "name": "UND Green Space 30",
    "category": "UND Green Space",
    "acres": "",
    "drawn_acres": 0.44,
    "crew": "",
    "frequency": "weekly",
    "mower": "",
    "ownership": "UND",
    "site": "main",
    "needs_tracing": true,
    "notes": "Imported from Mowing Map 2025 (PDF). Line the overlay up in Edit mode and re-import to place these exactly, then verify edges."
   }
  },
  {
   "type": "Feature",
   "geometry": {
    "type": "Polygon",
    "coordinates": [
     [
      [
       -97.0686133,
       47.9223543
      ],
      [
       -97.0686244,
       47.9223019
      ],
      [
       -97.0689796,
       47.9223019
      ],
      [
       -97.0690351,
       47.9222869
      ],
      [
       -97.0690351,
       47.9222719
      ],
      [
       -97.0689685,
       47.922257
      ],
      [
       -97.0688242,
       47.9221821
      ],
      [
       -97.0683802,
       47.9221821
      ],
      [
       -97.0684024,
       47.9223543
      ],
      [
       -97.0686133,
       47.9223543
      ]
     ]
    ]
   },
   "properties": {
    "id": "MOW-030",
    "name": "UND Green Space 31",
    "category": "UND Green Space",
    "acres": "",
    "drawn_acres": 0.16,
    "crew": "",
    "frequency": "weekly",
    "mower": "",
    "ownership": "UND",
    "site": "main",
    "needs_tracing": true,
    "notes": "Imported from Mowing Map 2025 (PDF). Line the overlay up in Edit mode and re-import to place these exactly, then verify edges."
   }
  },
  {
   "type": "Feature",
   "geometry": {
    "type": "Polygon",
    "coordinates": [
     [
      [
       -97.08665,
       47.9223843
      ],
      [
       -97.08665,
       47.9220623
      ],
      [
       -97.0867055,
       47.9220173
      ],
      [
       -97.0867721,
       47.9220098
      ],
      [
       -97.0867721,
       47.9219874
      ],
      [
       -97.0863947,
       47.9219874
      ],
      [
       -97.0863836,
       47.9222345
      ],
      [
       -97.0864724,
       47.922242
      ],
      [
       -97.0864724,
       47.9223843
      ],
      [
       -97.08665,
       47.9223843
      ]
     ]
    ]
   },
   "properties": {
    "id": "MOW-031",
    "name": "UND Green Space 32",
    "category": "UND Green Space",
    "acres": "",
    "drawn_acres": 0.2,
    "crew": "",
    "frequency": "weekly",
    "mower": "",
    "ownership": "UND",
    "site": "main",
    "needs_tracing": true,
    "notes": "Imported from Mowing Map 2025 (PDF). Line the overlay up in Edit mode and re-import to place these exactly, then verify edges."
   }
  },
  {
   "type": "Feature",
   "geometry": {
    "type": "Polygon",
    "coordinates": [
     [
      [
       -97.0876267,
       47.9224067
      ],
      [
       -97.0876267,
       47.922242
      ],
      [
       -97.0876489,
       47.922227
      ],
      [
       -97.0879153,
       47.922227
      ],
      [
       -97.0879375,
       47.9222644
      ],
      [
       -97.0885036,
       47.9222644
      ],
      [
       -97.088548,
       47.9221896
      ],
      [
       -97.0885258,
       47.9221671
      ],
      [
       -97.0884148,
       47.9221671
      ],
      [
       -97.0883926,
       47.922212
      ],
      [
       -97.0883371,
       47.922212
      ],
      [
       -97.0882927,
       47.9221971
      ],
      [
       -97.0882927,
       47.9221746
      ],
      [
       -97.0882483,
       47.9221746
      ],
      [
       -97.0882483,
       47.9222345
      ],
      [
       -97.0882261,
       47.9222495
      ],
      [
       -97.087993,
       47.9222495
      ],
      [
       -97.0879708,
       47.9222345
      ],
      [
       -97.0879708,
       47.9219649
      ],
      [
       -97.087882,
       47.9219649
      ],
      [
       -97.0878598,
       47.9219499
      ],
      [
       -97.0878598,
       47.9218975
      ],
      [
       -97.0878265,
       47.9218975
      ],
      [
       -97.0877155,
       47.9219724
      ],
      [
       -97.0877155,
       47.9219949
      ],
      [
       -97.0877821,
       47.9220098
      ],
      [
       -97.0877821,
       47.9221147
      ],
      [
       -97.0877599,
       47.9221297
      ],
      [
       -97.087549,
       47.9221297
      ],
      [
       -97.0874713,
       47.9221821
      ],
      [
       -97.0874713,
       47.9223094
      ],
      [
       -97.0875823,
       47.9223094
      ],
      [
       -97.0875934,
       47.9224067
      ],
      [
       -97.0876267,
       47.9224067
      ]
     ]
    ]
   },
   "properties": {
    "id": "MOW-032",
    "name": "UND Green Space 33",
    "category": "UND Green Space",
    "acres": "",
    "drawn_acres": 0.27,
    "crew": "",
    "frequency": "weekly",
    "mower": "",
    "ownership": "UND",
    "site": "main",
    "needs_tracing": true,
    "notes": "Imported from Mowing Map 2025 (PDF). Line the overlay up in Edit mode and re-import to place these exactly, then verify edges."
   }
  },
  {
   "type": "Feature",
   "geometry": {
    "type": "Polygon",
    "coordinates": [
     [
      [
       -97.0666487,
       47.9224292
      ],
      [
       -97.0666487,
       47.9223393
      ],
      [
       -97.0667042,
       47.9223318
      ],
      [
       -97.0667153,
       47.922242
      ],
      [
       -97.0669817,
       47.922242
      ],
      [
       -97.0669928,
       47.9223169
      ],
      [
       -97.0670483,
       47.9223169
      ],
      [
       -97.0670483,
       47.9221971
      ],
      [
       -97.0669928,
       47.9221821
      ],
      [
       -97.0667042,
       47.9221821
      ],
      [
       -97.0666931,
       47.9222045
      ],
      [
       -97.0665821,
       47.9222345
      ],
      [
       -97.06646,
       47.9222345
      ],
      [
       -97.0663823,
       47.922212
      ],
      [
       -97.0663823,
       47.9224292
      ],
      [
       -97.0666487,
       47.9224292
      ]
     ]
    ]
   },
   "properties": {
    "id": "MOW-033",
    "name": "UND Green Space 34",
    "category": "UND Green Space",
    "acres": "",
    "drawn_acres": 0.18,
    "crew": "",
    "frequency": "weekly",
    "mower": "",
    "ownership": "UND",
    "site": "main",
    "needs_tracing": true,
    "notes": "Imported from Mowing Map 2025 (PDF). Line the overlay up in Edit mode and re-import to place these exactly, then verify edges."
   }
  },
  {
   "type": "Feature",
   "geometry": {
    "type": "Polygon",
    "coordinates": [
     [
      [
       -97.0759723,
       47.9224442
      ],
      [
       -97.0760721,
       47.9223393
      ],
      [
       -97.0761276,
       47.9223468
      ],
      [
       -97.0761276,
       47.9223917
      ],
      [
       -97.0763718,
       47.9223917
      ],
      [
       -97.0764162,
       47.9223244
      ],
      [
       -97.0764717,
       47.9223244
      ],
      [
       -97.0764828,
       47.9223543
      ],
      [
       -97.0765272,
       47.9223618
      ],
      [
       -97.0765383,
       47.9219949
      ],
      [
       -97.076394,
       47.9219949
      ],
      [
       -97.0763829,
       47.9219649
      ],
      [
       -97.0763607,
       47.9219649
      ],
      [
       -97.0763496,
       47.9219949
      ],
      [
       -97.0758835,
       47.9219949
      ],
      [
       -97.0758724,
       47.9219499
      ],
      [
       -97.0756948,
       47.9219574
      ],
      [
       -97.0756948,
       47.9219874
      ],
      [
       -97.0756504,
       47.9219949
      ],
      [
       -97.0756504,
       47.9221521
      ],
      [
       -97.0756837,
       47.922242
      ],
      [
       -97.075717,
       47.9222495
      ],
      [
       -97.075717,
       47.9224217
      ],
      [
       -97.0757947,
       47.9224442
      ],
      [
       -97.075828,
       47.9224442
      ],
      [
       -97.0758502,
       47.9224217
      ],
      [
       -97.0759168,
       47.9224217
      ],
      [
       -97.075939,
       47.9224442
      ],
      [
       -97.0759723,
       47.9224442
      ]
     ]
    ]
   },
   "properties": {
    "id": "MOW-034",
    "name": "UND Green Space 35",
    "category": "UND Green Space",
    "acres": "",
    "drawn_acres": 0.71,
    "crew": "",
    "frequency": "weekly",
    "mower": "",
    "ownership": "UND",
    "site": "main",
    "needs_tracing": true,
    "notes": "Imported from Mowing Map 2025 (PDF). Line the overlay up in Edit mode and re-import to place these exactly, then verify edges."
   }
  },
  {
   "type": "Feature",
   "geometry": {
    "type": "Polygon",
    "coordinates": [
     [
      [
       -97.0608436,
       47.9224816
      ],
      [
       -97.0608658,
       47.9224517
      ],
      [
       -97.0610656,
       47.9224591
      ],
      [
       -97.0610656,
       47.9222644
      ],
      [
       -97.0610878,
       47.922257
      ],
      [
       -97.0610878,
       47.9222195
      ],
      [
       -97.0598558,
       47.9222195
      ],
      [
       -97.0597892,
       47.922227
      ],
      [
       -97.0597559,
       47.9222644
      ],
      [
       -97.0597559,
       47.9223169
      ],
      [
       -97.0597781,
       47.9223169
      ],
      [
       -97.0598003,
       47.922257
      ],
      [
       -97.0604885,
       47.922257
      ],
      [
       -97.0605218,
       47.9223019
      ],
      [
       -97.0605107,
       47.9224367
      ],
      [
       -97.0606328,
       47.9224666
      ],
      [
       -97.0608436,
       47.9224816
      ]
     ]
    ]
   },
   "properties": {
    "id": "MOW-035",
    "name": "UND Green Space 36",
    "category": "UND Green Space",
    "acres": "",
    "drawn_acres": 0.34,
    "crew": "",
    "frequency": "weekly",
    "mower": "",
    "ownership": "UND",
    "site": "main",
    "needs_tracing": true,
    "notes": "Imported from Mowing Map 2025 (PDF). Line the overlay up in Edit mode and re-import to place these exactly, then verify edges."
   }
  },
  {
   "type": "Feature",
   "geometry": {
    "type": "Polygon",
    "coordinates": [
     [
      [
       -97.0828761,
       47.9227437
      ],
      [
       -97.0828761,
       47.9225565
      ],
      [
       -97.0829094,
       47.9225415
      ],
      [
       -97.0829316,
       47.9222345
      ],
      [
       -97.0829094,
       47.9221896
      ],
      [
       -97.0829094,
       47.9219949
      ],
      [
       -97.082865,
       47.9219949
      ],
      [
       -97.0828539,
       47.9220248
      ],
      [
       -97.0828095,
       47.9220248
      ],
      [
       -97.0828095,
       47.9220473
      ],
      [
       -97.082754,
       47.9220623
      ],
      [
       -97.0827429,
       47.9220922
      ],
      [
       -97.0826874,
       47.9220922
      ],
      [
       -97.082643,
       47.9220548
      ],
      [
       -97.082643,
       47.9220173
      ],
      [
       -97.0826763,
       47.9220024
      ],
      [
       -97.0826763,
       47.9219275
      ],
      [
       -97.0827984,
       47.92192
      ],
      [
       -97.0828539,
       47.921935
      ],
      [
       -97.0828539,
       47.9218975
      ],
      [
       -97.0829094,
       47.9218751
      ],
      [
       -97.0829094,
       47.9218226
      ],
      [
       -97.0829316,
       47.9218077
      ],
      [
       -97.08342,
       47.9218077
      ],
      [
       -97.0834311,
       47.9218751
      ],
      [
       -97.0834755,
       47.92189
      ],
      [
       -97.0834866,
       47.92192
      ],
      [
       -97.083642,
       47.92192
      ],
      [
       -97.083642,
       47.9217253
      ],
      [
       -97.0835643,
       47.9217103
      ],
      [
       -97.0834866,
       47.9217702
      ],
      [
       -97.0828317,
       47.9217702
      ],
      [
       -97.0828206,
       47.9217852
      ],
      [
       -97.0827651,
       47.9217702
      ],
      [
       -97.0825875,
       47.9217702
      ],
      [
       -97.0825764,
       47.9217178
      ],
      [
       -97.0824766,
       47.9216953
      ],
      [
       -97.0824211,
       47.9216429
      ],
      [
       -97.0823989,
       47.9215007
      ],
      [
       -97.0821658,
       47.9215007
      ],
      [
       -97.0821103,
       47.9215381
      ],
      [
       -97.0821103,
       47.9220473
      ],
      [
       -97.082188,
       47.9220698
      ],
      [
       -97.0825653,
       47.9220772
      ],
      [
       -97.0826652,
       47.9221371
      ],
      [
       -97.0827207,
       47.9221371
      ],
      [
       -97.082754,
       47.9222045
      ],
      [
       -97.0828095,
       47.922212
      ],
      [
       -97.0828095,
       47.9223019
      ],
      [
       -97.082754,
       47.9223094
      ],
      [
       -97.0827318,
       47.9223768
      ],
      [
       -97.0827318,
       47.9226688
      ],
      [
       -97.082754,
       47.9227063
      ],
      [
       -97.0828095,
       47.9227137
      ],
      [
       -97.0828095,
       47.9227362
      ],
      [
       -97.0828761,
       47.9227437
      ]
     ]
    ]
   },
   "properties": {
    "id": "MOW-036",
    "name": "UND Green Space 37",
    "category": "UND Green Space",
    "acres": "",
    "drawn_acres": 0.96,
    "crew": "",
    "frequency": "weekly",
    "mower": "",
    "ownership": "UND",
    "site": "main",
    "needs_tracing": true,
    "notes": "Imported from Mowing Map 2025 (PDF). Line the overlay up in Edit mode and re-import to place these exactly, then verify edges."
   }
  },
  {
   "type": "Feature",
   "geometry": {
    "type": "Polygon",
    "coordinates": [
     [
      [
       -97.0823656,
       47.9228036
      ],
      [
       -97.082521,
       47.9228111
      ],
      [
       -97.0825653,
       47.9227811
      ],
      [
       -97.0825653,
       47.9221896
      ],
      [
       -97.0824877,
       47.9221521
      ],
      [
       -97.0821769,
       47.9221521
      ],
      [
       -97.0821103,
       47.9221671
      ],
      [
       -97.0821103,
       47.9223843
      ],
      [
       -97.0820881,
       47.9224067
      ],
      [
       -97.0821214,
       47.9224142
      ],
      [
       -97.0821325,
       47.9225041
      ],
      [
       -97.0821658,
       47.9225116
      ],
      [
       -97.0823101,
       47.9226838
      ],
      [
       -97.0823656,
       47.9228036
      ]
     ]
    ]
   },
   "properties": {
    "id": "MOW-037",
    "name": "UND Green Space 38",
    "category": "UND Green Space",
    "acres": "",
    "drawn_acres": 0.5,
    "crew": "",
    "frequency": "weekly",
    "mower": "",
    "ownership": "UND",
    "site": "main",
    "needs_tracing": true,
    "notes": "Imported from Mowing Map 2025 (PDF). Line the overlay up in Edit mode and re-import to place these exactly, then verify edges."
   }
  },
  {
   "type": "Feature",
   "geometry": {
    "type": "Polygon",
    "coordinates": [
     [
      [
       -97.0682137,
       47.9228935
      ],
      [
       -97.0682137,
       47.9228186
      ],
      [
       -97.0681471,
       47.9228111
      ],
      [
       -97.0681471,
       47.9227137
      ],
      [
       -97.0682137,
       47.9226913
      ],
      [
       -97.0682026,
       47.922212
      ],
      [
       -97.0681471,
       47.922212
      ],
      [
       -97.068136,
       47.9221821
      ],
      [
       -97.0678141,
       47.9221896
      ],
      [
       -97.0678252,
       47.9222195
      ],
      [
       -97.0680472,
       47.922227
      ],
      [
       -97.0680805,
       47.9224517
      ],
      [
       -97.0681804,
       47.9224591
      ],
      [
       -97.0681693,
       47.9224966
      ],
      [
       -97.0680805,
       47.9224966
      ],
      [
       -97.0680694,
       47.9225116
      ],
      [
       -97.0680694,
       47.9226613
      ],
      [
       -97.0680472,
       47.9226763
      ],
      [
       -97.0678141,
       47.9226763
      ],
      [
       -97.0678141,
       47.9228485
      ],
      [
       -97.0678585,
       47.9228935
      ],
      [
       -97.0682137,
       47.9228935
      ]
     ]
    ]
   },
   "properties": {
    "id": "MOW-038",
    "name": "UND Green Space 39",
    "category": "UND Green Space",
    "acres": "",
    "drawn_acres": 0.31,
    "crew": "",
    "frequency": "weekly",
    "mower": "",
    "ownership": "UND",
    "site": "main",
    "needs_tracing": true,
    "notes": "Imported from Mowing Map 2025 (PDF). Line the overlay up in Edit mode and re-import to place these exactly, then verify edges."
   }
  },
  {
   "type": "Feature",
   "geometry": {
    "type": "Polygon",
    "coordinates": [
     [
      [
       -97.0706556,
       47.9229234
      ],
      [
       -97.0707999,
       47.9229084
      ],
      [
       -97.0707999,
       47.9228186
      ],
      [
       -97.0707777,
       47.9228111
      ],
      [
       -97.0707888,
       47.9227587
      ],
      [
       -97.070811,
       47.9227512
      ],
      [
       -97.0707999,
       47.9224591
      ],
      [
       -97.0708221,
       47.922257
      ],
      [
       -97.0708554,
       47.9222495
      ],
      [
       -97.0708665,
       47.9221671
      ],
      [
       -97.0707999,
       47.9221671
      ],
      [
       -97.0707888,
       47.9221821
      ],
      [
       -97.0705113,
       47.9221821
      ],
      [
       -97.0705113,
       47.9221971
      ],
      [
       -97.0706001,
       47.9221971
      ],
      [
       -97.0706223,
       47.922257
      ],
      [
       -97.0706889,
       47.9222719
      ],
      [
       -97.0706889,
       47.9224217
      ],
      [
       -97.0706556,
       47.9224367
      ],
      [
       -97.0706556,
       47.9226314
      ],
      [
       -97.0706223,
       47.9226389
      ],
      [
       -97.0706223,
       47.9228186
      ],
      [
       -97.0706556,
       47.9228336
      ],
      [
       -97.0706556,
       47.9229234
      ]
     ]
    ]
   },
   "properties": {
    "id": "MOW-039",
    "name": "UND Green Space 40",
    "category": "UND Green Space",
    "acres": "",
    "drawn_acres": 0.25,
    "crew": "",
    "frequency": "weekly",
    "mower": "",
    "ownership": "UND",
    "site": "main",
    "needs_tracing": true,
    "notes": "Imported from Mowing Map 2025 (PDF). Line the overlay up in Edit mode and re-import to place these exactly, then verify edges."
   }
  },
  {
   "type": "Feature",
   "geometry": {
    "type": "Polygon",
    "coordinates": [
     [
      [
       -97.0638294,
       47.9230881
      ],
      [
       -97.0638294,
       47.9222944
      ],
      [
       -97.0637295,
       47.9222944
      ],
      [
       -97.0637295,
       47.9223618
      ],
      [
       -97.0637073,
       47.9223693
      ],
      [
       -97.0637073,
       47.9223992
      ],
      [
       -97.0637406,
       47.9224217
      ],
      [
       -97.0637406,
       47.9226164
      ],
      [
       -97.0637073,
       47.9226538
      ],
      [
       -97.0637295,
       47.9226763
      ],
      [
       -97.0637295,
       47.9229384
      ],
      [
       -97.0637628,
       47.9230881
      ],
      [
       -97.0638294,
       47.9230881
      ]
     ]
    ]
   },
   "properties": {
    "id": "MOW-040",
    "name": "UND Green Space 41",
    "category": "UND Green Space",
    "acres": "",
    "drawn_acres": 0.16,
    "crew": "",
    "frequency": "weekly",
    "mower": "",
    "ownership": "UND",
    "site": "main",
    "needs_tracing": true,
    "notes": "Imported from Mowing Map 2025 (PDF). Line the overlay up in Edit mode and re-import to place these exactly, then verify edges."
   }
  },
  {
   "type": "Feature",
   "geometry": {
    "type": "Polygon",
    "coordinates": [
     [
      [
       -97.0686577,
       47.9231256
      ],
      [
       -97.0687576,
       47.9230582
      ],
      [
       -97.0688686,
       47.9230357
      ],
      [
       -97.0688686,
       47.9229384
      ],
      [
       -97.0683358,
       47.9229384
      ],
      [
       -97.0683358,
       47.9231181
      ],
      [
       -97.0686577,
       47.9231256
      ]
     ]
    ]
   },
   "properties": {
    "id": "MOW-041",
    "name": "UND Green Space 42",
    "category": "UND Green Space",
    "acres": "",
    "drawn_acres": 0.18,
    "crew": "",
    "frequency": "weekly",
    "mower": "",
    "ownership": "UND",
    "site": "main",
    "needs_tracing": true,
    "notes": "Imported from Mowing Map 2025 (PDF). Line the overlay up in Edit mode and re-import to place these exactly, then verify edges."
   }
  },
  {
   "type": "Feature",
   "geometry": {
    "type": "Polygon",
    "coordinates": [
     [
      [
       -97.0700784,
       47.9231256
      ],
      [
       -97.0701672,
       47.9230732
      ],
      [
       -97.0702782,
       47.9230432
      ],
      [
       -97.0702782,
       47.9230058
      ],
      [
       -97.0702338,
       47.9229908
      ],
      [
       -97.0702338,
       47.9229534
      ],
      [
       -97.0701894,
       47.9229084
      ],
      [
       -97.0699674,
       47.9229084
      ],
      [
       -97.0699563,
       47.9229309
      ],
      [
       -97.0698786,
       47.9229309
      ],
      [
       -97.0698675,
       47.9229459
      ],
      [
       -97.0689463,
       47.9229384
      ],
      [
       -97.0689463,
       47.9230357
      ],
      [
       -97.0690573,
       47.9230657
      ],
      [
       -97.0691239,
       47.9231256
      ],
      [
       -97.0700784,
       47.9231256
      ]
     ]
    ]
   },
   "properties": {
    "id": "MOW-042",
    "name": "UND Green Space 43",
    "category": "UND Green Space",
    "acres": "",
    "drawn_acres": 0.47,
    "crew": "",
    "frequency": "weekly",
    "mower": "",
    "ownership": "UND",
    "site": "main",
    "needs_tracing": true,
    "notes": "Imported from Mowing Map 2025 (PDF). Line the overlay up in Edit mode and re-import to place these exactly, then verify edges."
   }
  },
  {
   "type": "Feature",
   "geometry": {
    "type": "Polygon",
    "coordinates": [
     [
      [
       -97.0713438,
       47.9231256
      ],
      [
       -97.0713549,
       47.9231031
      ],
      [
       -97.0712772,
       47.9230282
      ],
      [
       -97.0711884,
       47.9230282
      ],
      [
       -97.0711773,
       47.9229908
      ],
      [
       -97.0712661,
       47.9229833
      ],
      [
       -97.0712994,
       47.9229534
      ],
      [
       -97.0715103,
       47.9229309
      ],
      [
       -97.0715214,
       47.9229084
      ],
      [
       -97.0712106,
       47.9229159
      ],
      [
       -97.0711884,
       47.9229009
      ],
      [
       -97.0711884,
       47.9227886
      ],
      [
       -97.0711107,
       47.9227811
      ],
      [
       -97.0711218,
       47.9227437
      ],
      [
       -97.0711884,
       47.9227437
      ],
      [
       -97.0711773,
       47.9225715
      ],
      [
       -97.071144,
       47.9225715
      ],
      [
       -97.0710108,
       47.9226239
      ],
      [
       -97.0710108,
       47.9226838
      ],
      [
       -97.0709886,
       47.9226913
      ],
      [
       -97.0710219,
       47.9231181
      ],
      [
       -97.0713438,
       47.9231256
      ]
     ]
    ]
   },
   "properties": {
    "id": "MOW-043",
    "name": "UND Green Space 44",
    "category": "UND Green Space",
    "acres": "",
    "drawn_acres": 0.24,
    "crew": "",
    "frequency": "weekly",
    "mower": "",
    "ownership": "UND",
    "site": "main",
    "needs_tracing": true,
    "notes": "Imported from Mowing Map 2025 (PDF). Line the overlay up in Edit mode and re-import to place these exactly, then verify edges."
   }
  },
  {
   "type": "Feature",
   "geometry": {
    "type": "Polygon",
    "coordinates": [
     [
      [
       -97.0716213,
       47.9231256
      ],
      [
       -97.0721873,
       47.9231181
      ],
      [
       -97.0721873,
       47.9228336
      ],
      [
       -97.0720652,
       47.9227662
      ],
      [
       -97.0720652,
       47.9227362
      ],
      [
       -97.0721873,
       47.9226688
      ],
      [
       -97.0721873,
       47.9226314
      ],
      [
       -97.0721429,
       47.9226014
      ],
      [
       -97.0721429,
       47.9225715
      ],
      [
       -97.0721873,
       47.9225565
      ],
      [
       -97.0721873,
       47.9223843
      ],
      [
       -97.0721651,
       47.9223693
      ],
      [
       -97.0720541,
       47.9223693
      ],
      [
       -97.072043,
       47.9223244
      ],
      [
       -97.0721873,
       47.9223244
      ],
      [
       -97.0721873,
       47.9220398
      ],
      [
       -97.0718765,
       47.9220398
      ],
      [
       -97.0718432,
       47.9220173
      ],
      [
       -97.0718432,
       47.9220847
      ],
      [
       -97.0718987,
       47.9220922
      ],
      [
       -97.0718876,
       47.9221297
      ],
      [
       -97.0717655,
       47.9221297
      ],
      [
       -97.0717544,
       47.9220847
      ],
      [
       -97.0713882,
       47.9220847
      ],
      [
       -97.0713771,
       47.9221297
      ],
      [
       -97.0710552,
       47.9221297
      ],
      [
       -97.0710441,
       47.9222944
      ],
      [
       -97.0710219,
       47.9223169
      ],
      [
       -97.0710663,
       47.9223318
      ],
      [
       -97.0710774,
       47.9223917
      ],
      [
       -97.0710108,
       47.9224217
      ],
      [
       -97.0710219,
       47.922519
      ],
      [
       -97.0709997,
       47.9225415
      ],
      [
       -97.071144,
       47.9224891
      ],
      [
       -97.0711551,
       47.9224067
      ],
      [
       -97.071255,
       47.9224067
      ],
      [
       -97.0712439,
       47.9222719
      ],
      [
       -97.0713438,
       47.9221671
      ],
      [
       -97.0714437,
       47.9221297
      ],
      [
       -97.0716102,
       47.9221297
      ],
      [
       -97.0717655,
       47.9221971
      ],
      [
       -97.071821,
       47.9222644
      ],
      [
       -97.071821,
       47.9223992
      ],
      [
       -97.0718987,
       47.9223992
      ],
      [
       -97.0719098,
       47.9223768
      ],
      [
       -97.0719653,
       47.9223843
      ],
      [
       -97.0719653,
       47.9224142
      ],
      [
       -97.071932,
       47.9224217
      ],
      [
       -97.071932,
       47.9224891
      ],
      [
       -97.0718987,
       47.9225116
      ],
      [
       -97.0719098,
       47.9227437
      ],
      [
       -97.0719875,
       47.9227512
      ],
      [
       -97.0719764,
       47.9228036
      ],
      [
       -97.0720097,
       47.9228336
      ],
      [
       -97.0720097,
       47.9228935
      ],
      [
       -97.0719875,
       47.9229084
      ],
      [
       -97.0716323,
       47.9229084
      ],
      [
       -97.0716323,
       47.9229309
      ],
      [
       -97.0717322,
       47.9229608
      ],
      [
       -97.0718765,
       47.9229384
      ],
      [
       -97.0719431,
       47.9229758
      ],
      [
       -97.0719542,
       47.9230282
      ],
      [
       -97.0718654,
       47.9230881
      ],
      [
       -97.071821,
       47.9230881
      ],
      [
       -97.0717766,
       47.9230507
      ],
      [
       -97.0717433,
       47.9230507
      ],
      [
       -97.0716213,
       47.9231256
      ]
     ]
    ]
   },
   "properties": {
    "id": "MOW-044",
    "name": "UND Green Space 45",
    "category": "UND Green Space",
    "acres": "",
    "drawn_acres": 0.86,
    "crew": "",
    "frequency": "weekly",
    "mower": "",
    "ownership": "UND",
    "site": "main",
    "needs_tracing": true,
    "notes": "Imported from Mowing Map 2025 (PDF). Line the overlay up in Edit mode and re-import to place these exactly, then verify edges."
   }
  },
  {
   "type": "Feature",
   "geometry": {
    "type": "Polygon",
    "coordinates": [
     [
      [
       -97.0756504,
       47.9231256
      ],
      [
       -97.0768047,
       47.9231181
      ],
      [
       -97.0768047,
       47.9230582
      ],
      [
       -97.0767603,
       47.922886
      ],
      [
       -97.0767381,
       47.9228785
      ],
      [
       -97.0767381,
       47.9227587
      ],
      [
       -97.0767603,
       47.9227362
      ],
      [
       -97.076727,
       47.9227362
      ],
      [
       -97.0766937,
       47.9228261
      ],
      [
       -97.0765272,
       47.9228261
      ],
      [
       -97.0764828,
       47.922856
      ],
      [
       -97.0764051,
       47.922856
      ],
      [
       -97.0763718,
       47.9228111
      ],
      [
       -97.0761276,
       47.9228036
      ],
      [
       -97.0761276,
       47.9228785
      ],
      [
       -97.0760721,
       47.922871
      ],
      [
       -97.0760388,
       47.9228036
      ],
      [
       -97.0759723,
       47.9227512
      ],
      [
       -97.0759057,
       47.9227736
      ],
      [
       -97.0758502,
       47.9227736
      ],
      [
       -97.0758169,
       47.9227437
      ],
      [
       -97.075717,
       47.9227662
      ],
      [
       -97.075717,
       47.9229309
      ],
      [
       -97.0756837,
       47.9229384
      ],
      [
       -97.0756504,
       47.9230133
      ],
      [
       -97.0756504,
       47.9231256
      ]
     ]
    ]
   },
   "properties": {
    "id": "MOW-045",
    "name": "UND Green Space 46",
    "category": "UND Green Space",
    "acres": "",
    "drawn_acres": 0.71,
    "crew": "",
    "frequency": "weekly",
    "mower": "",
    "ownership": "UND",
    "site": "main",
    "needs_tracing": true,
    "notes": "Imported from Mowing Map 2025 (PDF). Line the overlay up in Edit mode and re-import to place these exactly, then verify edges."
   }
  },
  {
   "type": "Feature",
   "geometry": {
    "type": "Polygon",
    "coordinates": [
     [
      [
       -97.0610878,
       47.9231705
      ],
      [
       -97.0610656,
       47.9231331
      ],
      [
       -97.0610656,
       47.9226613
      ],
      [
       -97.0609768,
       47.9226613
      ],
      [
       -97.0609768,
       47.9227662
      ],
      [
       -97.0610101,
       47.9227736
      ],
      [
       -97.0610101,
       47.9228036
      ],
      [
       -97.0609657,
       47.922871
      ],
      [
       -97.060888,
       47.9228785
      ],
      [
       -97.0607104,
       47.9230133
      ],
      [
       -97.0606217,
       47.9230507
      ],
      [
       -97.0604441,
       47.9230881
      ],
      [
       -97.0600889,
       47.9230881
      ],
      [
       -97.0600556,
       47.922856
      ],
      [
       -97.0600112,
       47.9227736
      ],
      [
       -97.059767,
       47.9227736
      ],
      [
       -97.059767,
       47.9231256
      ],
      [
       -97.0598225,
       47.9231331
      ],
      [
       -97.0598225,
       47.9231705
      ],
      [
       -97.0610878,
       47.9231705
      ]
     ]
    ]
   },
   "properties": {
    "id": "MOW-046",
    "name": "UND Green Space 47",
    "category": "UND Green Space",
    "acres": "",
    "drawn_acres": 0.59,
    "crew": "",
    "frequency": "weekly",
    "mower": "",
    "ownership": "UND",
    "site": "main",
    "needs_tracing": true,
    "notes": "Imported from Mowing Map 2025 (PDF). Line the overlay up in Edit mode and re-import to place these exactly, then verify edges."
   }
  },
  {
   "type": "Feature",
   "geometry": {
    "type": "Polygon",
    "coordinates": [
     [
      [
       -97.0593119,
       47.923178
      ],
      [
       -97.0596005,
       47.9231705
      ],
      [
       -97.0596116,
       47.9231256
      ],
      [
       -97.0596005,
       47.9227512
      ],
      [
       -97.0595561,
       47.9227362
      ],
      [
       -97.0593119,
       47.9227362
      ],
      [
       -97.0593119,
       47.923178
      ]
     ]
    ]
   },
   "properties": {
    "id": "MOW-047",
    "name": "UND Green Space 48",
    "category": "UND Green Space",
    "acres": "",
    "drawn_acres": 0.26,
    "crew": "",
    "frequency": "weekly",
    "mower": "",
    "ownership": "UND",
    "site": "main",
    "needs_tracing": true,
    "notes": "Imported from Mowing Map 2025 (PDF). Line the overlay up in Edit mode and re-import to place these exactly, then verify edges."
   }
  },
  {
   "type": "Feature",
   "geometry": {
    "type": "Polygon",
    "coordinates": [
     [
      [
       -97.0682026,
       47.923178
      ],
      [
       -97.0682137,
       47.9229384
      ],
      [
       -97.0678252,
       47.9229384
      ],
      [
       -97.067803,
       47.9229534
      ],
      [
       -97.0675477,
       47.9229384
      ],
      [
       -97.0675477,
       47.9228935
      ],
      [
       -97.067692,
       47.9228935
      ],
      [
       -97.0677253,
       47.9228785
      ],
      [
       -97.0677364,
       47.9227961
      ],
      [
       -97.0674478,
       47.9227886
      ],
      [
       -97.0674256,
       47.9227287
      ],
      [
       -97.0673812,
       47.9227137
      ],
      [
       -97.067359,
       47.9222495
      ],
      [
       -97.0676587,
       47.922242
      ],
      [
       -97.0676587,
       47.9221821
      ],
      [
       -97.067126,
       47.9221821
      ],
      [
       -97.0671149,
       47.9228935
      ],
      [
       -97.0672481,
       47.9228935
      ],
      [
       -97.0672481,
       47.9229384
      ],
      [
       -97.0666931,
       47.9229384
      ],
      [
       -97.066682,
       47.9229683
      ],
      [
       -97.066349,
       47.9229608
      ],
      [
       -97.0663268,
       47.9230133
      ],
      [
       -97.0663268,
       47.9230432
      ],
      [
       -97.0664378,
       47.9230732
      ],
      [
       -97.0665044,
       47.9231256
      ],
      [
       -97.0675366,
       47.9231256
      ],
      [
       -97.0676254,
       47.9230657
      ],
      [
       -97.0677364,
       47.9230432
      ],
      [
       -97.0677475,
       47.9229983
      ],
      [
       -97.067803,
       47.9229983
      ],
      [
       -97.0678141,
       47.9230432
      ],
      [
       -97.0678918,
       47.9230507
      ],
      [
       -97.0680139,
       47.9231181
      ],
      [
       -97.0681582,
       47.9231181
      ],
      [
       -97.0681693,
       47.923178
      ],
      [
       -97.0682026,
       47.923178
      ]
     ]
    ]
   },
   "properties": {
    "id": "MOW-048",
    "name": "UND Green Space 49",
    "category": "UND Green Space",
    "acres": "",
    "drawn_acres": 1.13,
    "crew": "",
    "frequency": "weekly",
    "mower": "",
    "ownership": "UND",
    "site": "main",
    "needs_tracing": true,
    "notes": "Imported from Mowing Map 2025 (PDF). Line the overlay up in Edit mode and re-import to place these exactly, then verify edges."
   }
  },
  {
   "type": "Feature",
   "geometry": {
    "type": "Polygon",
    "coordinates": [
     [
      [
       -97.0738966,
       47.923193
      ],
      [
       -97.0739077,
       47.9231555
      ],
      [
       -97.0739965,
       47.923163
      ],
      [
       -97.0739965,
       47.9231331
      ],
      [
       -97.074052,
       47.9231256
      ],
      [
       -97.0741186,
       47.9230732
      ],
      [
       -97.0743406,
       47.9230133
      ],
      [
       -97.0745404,
       47.9229309
      ],
      [
       -97.0747735,
       47.9227287
      ],
      [
       -97.0748068,
       47.9226538
      ],
      [
       -97.0748068,
       47.9225116
      ],
      [
       -97.0747069,
       47.9223992
      ],
      [
       -97.0742962,
       47.922227
      ],
      [
       -97.074052,
       47.9221746
      ],
      [
       -97.0740076,
       47.9221821
      ],
      [
       -97.0740187,
       47.922242
      ],
      [
       -97.0739743,
       47.9222869
      ],
      [
       -97.0739743,
       47.922841
      ],
      [
       -97.0737524,
       47.9231481
      ],
      [
       -97.0737524,
       47.923193
      ],
      [
       -97.0738966,
       47.923193
      ]
     ]
    ]
   },
   "properties": {
    "id": "MOW-049",
    "name": "UND Green Space 50",
    "category": "UND Green Space",
    "acres": "",
    "drawn_acres": 1.24,
    "crew": "",
    "frequency": "weekly",
    "mower": "",
    "ownership": "UND",
    "site": "main",
    "needs_tracing": true,
    "notes": "Imported from Mowing Map 2025 (PDF). Line the overlay up in Edit mode and re-import to place these exactly, then verify edges."
   }
  },
  {
   "type": "Feature",
   "geometry": {
    "type": "Polygon",
    "coordinates": [
     [
      [
       -97.0882705,
       47.923208
      ],
      [
       -97.0882927,
       47.9231331
      ],
      [
       -97.0882705,
       47.9230956
      ],
      [
       -97.0882816,
       47.9229159
      ],
      [
       -97.0882594,
       47.9229084
      ],
      [
       -97.0881928,
       47.9229084
      ],
      [
       -97.0881706,
       47.9229608
      ],
      [
       -97.08665,
       47.9229608
      ],
      [
       -97.0865612,
       47.9229459
      ],
      [
       -97.0865501,
       47.9229159
      ],
      [
       -97.0861838,
       47.9226688
      ],
      [
       -97.0861727,
       47.9220248
      ],
      [
       -97.086095,
       47.9220248
      ],
      [
       -97.0860839,
       47.9221596
      ],
      [
       -97.0861505,
       47.9221671
      ],
      [
       -97.0861505,
       47.9222345
      ],
      [
       -97.0860839,
       47.922242
      ],
      [
       -97.0860839,
       47.9223917
      ],
      [
       -97.0861616,
       47.9223992
      ],
      [
       -97.0861505,
       47.9231106
      ],
      [
       -97.0861949,
       47.9231181
      ],
      [
       -97.0861949,
       47.9231705
      ],
      [
       -97.0871161,
       47.9231705
      ],
      [
       -97.0871272,
       47.9231256
      ],
      [
       -97.0872937,
       47.9231256
      ],
      [
       -97.0873159,
       47.923178
      ],
      [
       -97.0873714,
       47.923178
      ],
      [
       -97.0873714,
       47.9231406
      ],
      [
       -97.0874269,
       47.9231331
      ],
      [
       -97.087438,
       47.9231855
      ],
      [
       -97.087771,
       47.923208
      ],
      [
       -97.0882705,
       47.923208
      ]
     ]
    ]
   },
   "properties": {
    "id": "MOW-050",
    "name": "UND Green Space 51",
    "category": "UND Green Space",
    "acres": "",
    "drawn_acres": 1.17,
    "crew": "",
    "frequency": "weekly",
    "mower": "",
    "ownership": "UND",
    "site": "main",
    "needs_tracing": true,
    "notes": "Imported from Mowing Map 2025 (PDF). Line the overlay up in Edit mode and re-import to place these exactly, then verify edges."
   }
  },
  {
   "type": "Feature",
   "geometry": {
    "type": "Polygon",
    "coordinates": [
     [
      [
       -97.0753729,
       47.9232154
      ],
      [
       -97.075384,
       47.9232005
      ],
      [
       -97.075495,
       47.9232005
      ],
      [
       -97.0755172,
       47.9231855
      ],
      [
       -97.0755172,
       47.9231705
      ],
      [
       -97.0754617,
       47.923163
      ],
      [
       -97.0754506,
       47.9231331
      ],
      [
       -97.0754506,
       47.9224067
      ],
      [
       -97.0754062,
       47.9223693
      ],
      [
       -97.0754062,
       47.9223393
      ],
      [
       -97.0754506,
       47.9223244
      ],
      [
       -97.0754506,
       47.9222045
      ],
      [
       -97.0755061,
       47.9221971
      ],
      [
       -97.0755172,
       47.9221671
      ],
      [
       -97.0755061,
       47.9219574
      ],
      [
       -97.0752175,
       47.9219499
      ],
      [
       -97.0751287,
       47.9219275
      ],
      [
       -97.0751065,
       47.9217028
      ],
      [
       -97.0748512,
       47.9214932
      ],
      [
       -97.074829,
       47.9214407
      ],
      [
       -97.0747735,
       47.9214333
      ],
      [
       -97.0746625,
       47.9214857
      ],
      [
       -97.0744738,
       47.9215306
      ],
      [
       -97.0744405,
       47.9215531
      ],
      [
       -97.074385,
       47.9215531
      ],
      [
       -97.0743517,
       47.9215306
      ],
      [
       -97.0743517,
       47.9214932
      ],
      [
       -97.0744183,
       47.9214707
      ],
      [
       -97.0744405,
       47.9214333
      ],
      [
       -97.0743517,
       47.9213734
      ],
      [
       -97.0743184,
       47.921306
      ],
      [
       -97.0743184,
       47.921276
      ],
      [
       -97.074385,
       47.9212386
      ],
      [
       -97.0745404,
       47.9211936
      ],
      [
       -97.0745293,
       47.9211262
      ],
      [
       -97.0745515,
       47.9211113
      ],
      [
       -97.0746847,
       47.9210663
      ],
      [
       -97.0747957,
       47.9210439
      ],
      [
       -97.0751731,
       47.9210439
      ],
      [
       -97.0752619,
       47.9210214
      ],
      [
       -97.0753396,
       47.9209465
      ],
      [
       -97.0753396,
       47.9208342
      ],
      [
       -97.0751065,
       47.9208042
      ],
      [
       -97.0743739,
       47.9207968
      ],
      [
       -97.0743295,
       47.9208267
      ],
      [
       -97.0743295,
       47.9208866
      ],
      [
       -97.0742518,
       47.9208941
      ],
      [
       -97.0742296,
       47.9208791
      ],
      [
       -97.0742296,
       47.9208267
      ],
      [
       -97.074163,
       47.9208267
      ],
      [
       -97.074163,
       47.9209166
      ],
      [
       -97.0740409,
       47.9209989
      ],
      [
       -97.0740298,
       47.9211562
      ],
      [
       -97.0739077,
       47.9212386
      ],
      [
       -97.0736414,
       47.9212386
      ],
      [
       -97.0734416,
       47.9211038
      ],
      [
       -97.0733639,
       47.9211113
      ],
      [
       -97.0733195,
       47.920984
      ],
      [
       -97.0731641,
       47.920969
      ],
      [
       -97.073153,
       47.9209241
      ],
      [
       -97.0732307,
       47.9209091
      ],
      [
       -97.0734083,
       47.9208117
      ],
      [
       -97.0734638,
       47.9208117
      ],
      [
       -97.0735748,
       47.9207294
      ],
      [
       -97.0735748,
       47.9206695
      ],
      [
       -97.0735415,
       47.920647
      ],
      [
       -97.0734638,
       47.9206545
      ],
      [
       -97.0732751,
       47.9205197
      ],
      [
       -97.0732751,
       47.9204823
      ],
      [
       -97.0735415,
       47.9203025
      ],
      [
       -97.0735415,
       47.9202801
      ],
      [
       -97.0736414,
       47.9202277
      ],
      [
       -97.0736414,
       47.9202052
      ],
      [
       -97.073708,
       47.9201902
      ],
      [
       -97.0738633,
       47.9200704
      ],
      [
       -97.0740187,
       47.9200554
      ],
      [
       -97.0740187,
       47.9199506
      ],
      [
       -97.0737968,
       47.9199281
      ],
      [
       -97.0737857,
       47.9198982
      ],
      [
       -97.073708,
       47.9198907
      ],
      [
       -97.0735859,
       47.9199506
      ],
      [
       -97.0734527,
       47.9200779
      ],
      [
       -97.0731641,
       47.9202651
      ],
      [
       -97.0728644,
       47.9203924
      ],
      [
       -97.0726757,
       47.9204373
      ],
      [
       -97.0723871,
       47.9205422
      ],
      [
       -97.0720541,
       47.9205422
      ],
      [
       -97.0718987,
       47.9205946
      ],
      [
       -97.0718543,
       47.9206545
      ],
      [
       -97.0718432,
       47.9207518
      ],
      [
       -97.0716545,
       47.9208567
      ],
      [
       -97.0716545,
       47.9209091
      ],
      [
       -97.0717211,
       47.9209615
      ],
      [
       -97.0721429,
       47.9211113
      ],
      [
       -97.0722761,
       47.9211188
      ],
      [
       -97.0723427,
       47.9211936
      ],
      [
       -97.072487,
       47.9212461
      ],
      [
       -97.0727423,
       47.9212835
      ],
      [
       -97.0730198,
       47.9213883
      ],
      [
       -97.0734416,
       47.921613
      ],
      [
       -97.0736747,
       47.9218751
      ],
      [
       -97.0737524,
       47.92189
      ],
      [
       -97.0737746,
       47.92192
      ],
      [
       -97.073941,
       47.9219425
      ],
      [
       -97.0739521,
       47.9219649
      ],
      [
       -97.0741741,
       47.9219874
      ],
      [
       -97.0743406,
       47.9221222
      ],
      [
       -97.0747735,
       47.9223019
      ],
      [
       -97.0749289,
       47.9224292
      ],
      [
       -97.0749511,
       47.9224741
      ],
      [
       -97.0749511,
       47.9226239
      ],
      [
       -97.0748623,
       47.9228111
      ],
      [
       -97.0747624,
       47.9229009
      ],
      [
       -97.0744516,
       47.9230956
      ],
      [
       -97.0742962,
       47.9231256
      ],
      [
       -97.0742962,
       47.923178
      ],
      [
       -97.0743517,
       47.923178
      ],
      [
       -97.0743628,
       47.923208
      ],
      [
       -97.0744849,
       47.923208
      ],
      [
       -97.0744849,
       47.923193
      ],
      [
       -97.0743961,
       47.923193
      ],
      [
       -97.074385,
       47.9231555
      ],
      [
       -97.0744294,
       47.9231406
      ],
      [
       -97.0747513,
       47.9231406
      ],
      [
       -97.0747624,
       47.923193
      ],
      [
       -97.0749511,
       47.923193
      ],
      [
       -97.0750066,
       47.9231855
      ],
      [
       -97.0750177,
       47.9231555
      ],
      [
       -97.0752064,
       47.9231555
      ],
      [
       -97.0752175,
       47.923193
      ],
      [
       -97.0753729,
       47.9232154
      ]
     ]
    ]
   },
   "properties": {
    "id": "MOW-051",
    "name": "UND Green Space 52",
    "category": "UND Green Space",
    "acres": "",
    "drawn_acres": 7.73,
    "crew": "",
    "frequency": "weekly",
    "mower": "",
    "ownership": "UND",
    "site": "main",
    "needs_tracing": true,
    "notes": "Imported from Mowing Map 2025 (PDF). Line the overlay up in Edit mode and re-import to place these exactly, then verify edges."
   }
  },
  {
   "type": "Feature",
   "geometry": {
    "type": "Polygon",
    "coordinates": [
     [
      [
       -97.0835088,
       47.9232154
      ],
      [
       -97.0835199,
       47.9231705
      ],
      [
       -97.083642,
       47.923163
      ],
      [
       -97.083642,
       47.9230657
      ],
      [
       -97.0836087,
       47.9230582
      ],
      [
       -97.0836087,
       47.922841
      ],
      [
       -97.0834644,
       47.922841
      ],
      [
       -97.0834644,
       47.9230058
      ],
      [
       -97.0834422,
       47.9230208
      ],
      [
       -97.0832646,
       47.9230133
      ],
      [
       -97.0832535,
       47.9230357
      ],
      [
       -97.083087,
       47.9230357
      ],
      [
       -97.0830759,
       47.9230133
      ],
      [
       -97.0828872,
       47.9230133
      ],
      [
       -97.082865,
       47.9229608
      ],
      [
       -97.0825986,
       47.9229534
      ],
      [
       -97.0825875,
       47.9229234
      ],
      [
       -97.0824877,
       47.9229159
      ],
      [
       -97.0824766,
       47.9229309
      ],
      [
       -97.0823434,
       47.9229309
      ],
      [
       -97.0822546,
       47.9229608
      ],
      [
       -97.0819327,
       47.9231106
      ],
      [
       -97.0819327,
       47.9231256
      ],
      [
       -97.0827318,
       47.9231331
      ],
      [
       -97.0827207,
       47.9231705
      ],
      [
       -97.082077,
       47.9231705
      ],
      [
       -97.082077,
       47.9232005
      ],
      [
       -97.0828206,
       47.923208
      ],
      [
       -97.0828317,
       47.9231855
      ],
      [
       -97.0829094,
       47.923178
      ],
      [
       -97.0829205,
       47.9231481
      ],
      [
       -97.083309,
       47.9231406
      ],
      [
       -97.0833423,
       47.9231555
      ],
      [
       -97.0833423,
       47.9231855
      ],
      [
       -97.08342,
       47.923193
      ],
      [
       -97.0834311,
       47.9232154
      ],
      [
       -97.0835088,
       47.9232154
      ]
     ]
    ]
   },
   "properties": {
    "id": "MOW-052",
    "name": "UND Green Space 53",
    "category": "UND Green Space",
    "acres": "",
    "drawn_acres": 0.64,
    "crew": "",
    "frequency": "weekly",
    "mower": "",
    "ownership": "UND",
    "site": "main",
    "needs_tracing": true,
    "notes": "Imported from Mowing Map 2025 (PDF). Line the overlay up in Edit mode and re-import to place these exactly, then verify edges."
   }
  },
  {
   "type": "Feature",
   "geometry": {
    "type": "Polygon",
    "coordinates": [
     [
      [
       -97.0843524,
       47.9232154
      ],
      [
       -97.0843635,
       47.9232005
      ],
      [
       -97.08554,
       47.9232005
      ],
      [
       -97.08554,
       47.9231855
      ],
      [
       -97.0850516,
       47.923178
      ],
      [
       -97.0850627,
       47.9231406
      ],
      [
       -97.0852958,
       47.9231406
      ],
      [
       -97.0853069,
       47.9230507
      ],
      [
       -97.0853846,
       47.9229983
      ],
      [
       -97.0855289,
       47.9229758
      ],
      [
       -97.0854956,
       47.9221297
      ],
      [
       -97.085429,
       47.9217627
      ],
      [
       -97.0852958,
       47.9213958
      ],
      [
       -97.0850849,
       47.9210364
      ],
      [
       -97.0848296,
       47.9207593
      ],
      [
       -97.084763,
       47.9207743
      ],
      [
       -97.0845411,
       47.9209241
      ],
      [
       -97.0845744,
       47.9209241
      ],
      [
       -97.0845966,
       47.9209465
      ],
      [
       -97.0846632,
       47.9209465
      ],
      [
       -97.0847187,
       47.9210214
      ],
      [
       -97.0849517,
       47.9213958
      ],
      [
       -97.0849517,
       47.9214482
      ],
      [
       -97.0848962,
       47.9214632
      ],
      [
       -97.0848962,
       47.9214857
      ],
      [
       -97.0851404,
       47.9214857
      ],
      [
       -97.0851626,
       47.9215007
      ],
      [
       -97.0851515,
       47.9220922
      ],
      [
       -97.0852847,
       47.922242
      ],
      [
       -97.0853069,
       47.9225265
      ],
      [
       -97.0851959,
       47.922534
      ],
      [
       -97.0851626,
       47.9224517
      ],
      [
       -97.0849739,
       47.9224517
      ],
      [
       -97.0849739,
       47.922564
      ],
      [
       -97.084874,
       47.9226239
      ],
      [
       -97.084874,
       47.9227362
      ],
      [
       -97.0848518,
       47.9227587
      ],
      [
       -97.0848074,
       47.9227811
      ],
      [
       -97.0845189,
       47.9227811
      ],
      [
       -97.0845078,
       47.922886
      ],
      [
       -97.0844301,
       47.9229309
      ],
      [
       -97.0843302,
       47.9229309
      ],
      [
       -97.0842969,
       47.9229683
      ],
      [
       -97.0842525,
       47.9229683
      ],
      [
       -97.0842192,
       47.9229459
      ],
      [
       -97.0842192,
       47.9228336
      ],
      [
       -97.0842525,
       47.9228261
      ],
      [
       -97.0842414,
       47.9226463
      ],
      [
       -97.0843413,
       47.9225864
      ],
      [
       -97.0843413,
       47.922519
      ],
      [
       -97.0841748,
       47.9225116
      ],
      [
       -97.0840971,
       47.922579
      ],
      [
       -97.0840527,
       47.922579
      ],
      [
       -97.0840416,
       47.9224666
      ],
      [
       -97.0843191,
       47.9224442
      ],
      [
       -97.0843746,
       47.9224067
      ],
      [
       -97.0843746,
       47.9223393
      ],
      [
       -97.0843413,
       47.9223094
      ],
      [
       -97.0842192,
       47.9222869
      ],
      [
       -97.0842081,
       47.9222644
      ],
      [
       -97.0838307,
       47.9222644
      ],
      [
       -97.0838307,
       47.9224517
      ],
      [
       -97.0837641,
       47.9225265
      ],
      [
       -97.0837863,
       47.9227811
      ],
      [
       -97.0837641,
       47.9231555
      ],
      [
       -97.0837752,
       47.9231705
      ],
      [
       -97.083975,
       47.9231705
      ],
      [
       -97.0839861,
       47.9232154
      ],
      [
       -97.0843524,
       47.9232154
      ]
     ]
    ]
   },
   "properties": {
    "id": "MOW-053",
    "name": "UND Green Space 54",
    "category": "UND Green Space",
    "acres": "",
    "drawn_acres": 3.19,
    "crew": "",
    "frequency": "weekly",
    "mower": "",
    "ownership": "UND",
    "site": "main",
    "needs_tracing": true,
    "notes": "Imported from Mowing Map 2025 (PDF). Line the overlay up in Edit mode and re-import to place these exactly, then verify edges."
   }
  },
  {
   "type": "Feature",
   "geometry": {
    "type": "Polygon",
    "coordinates": [
     [
      [
       -97.0909455,
       47.9232229
      ],
      [
       -97.0906347,
       47.9229683
      ],
      [
       -97.0906347,
       47.9197409
      ],
      [
       -97.0864169,
       47.9197259
      ],
      [
       -97.086428,
       47.9198607
      ],
      [
       -97.0864058,
       47.9198682
      ],
      [
       -97.0864058,
       47.9199281
      ],
      [
       -97.086428,
       47.9199356
      ],
      [
       -97.086428,
       47.919988
      ],
      [
       -97.0862393,
       47.920617
      ],
      [
       -97.0862504,
       47.9207069
      ],
      [
       -97.0862282,
       47.9207144
      ],
      [
       -97.0862393,
       47.9207668
      ],
      [
       -97.086206,
       47.9208192
      ],
      [
       -97.0862171,
       47.9209315
      ],
      [
       -97.0861949,
       47.920939
      ],
      [
       -97.086206,
       47.9210289
      ],
      [
       -97.0861838,
       47.9210364
      ],
      [
       -97.0861727,
       47.9211188
      ],
      [
       -97.0867277,
       47.9211188
      ],
      [
       -97.086761,
       47.9211038
      ],
      [
       -97.0867721,
       47.9210139
      ],
      [
       -97.0868387,
       47.9208941
      ],
      [
       -97.0874824,
       47.9203325
      ],
      [
       -97.0874824,
       47.9203025
      ],
      [
       -97.0874269,
       47.9202951
      ],
      [
       -97.087438,
       47.920033
      ],
      [
       -97.0877155,
       47.9200405
      ],
      [
       -97.0877155,
       47.9201902
      ],
      [
       -97.0876378,
       47.9202052
      ],
      [
       -97.0876378,
       47.9202426
      ],
      [
       -97.0877377,
       47.9202426
      ],
      [
       -97.0877488,
       47.9201902
      ],
      [
       -97.0881373,
       47.9201902
      ],
      [
       -97.0881484,
       47.9201678
      ],
      [
       -97.0885369,
       47.9201678
      ],
      [
       -97.088548,
       47.9202426
      ],
      [
       -97.0886368,
       47.9202426
      ],
      [
       -97.0886479,
       47.9201678
      ],
      [
       -97.0891806,
       47.9201827
      ],
      [
       -97.0891917,
       47.920033
      ],
      [
       -97.089103,
       47.9200255
      ],
      [
       -97.089103,
       47.9199206
      ],
      [
       -97.0891695,
       47.9199132
      ],
      [
       -97.0891917,
       47.9198907
      ],
      [
       -97.0893027,
       47.9198907
      ],
      [
       -97.0893138,
       47.9199132
      ],
      [
       -97.0893915,
       47.9199206
      ],
      [
       -97.0893804,
       47.9202501
      ],
      [
       -97.089558,
       47.9202651
      ],
      [
       -97.0895469,
       47.9203475
      ],
      [
       -97.0896246,
       47.920355
      ],
      [
       -97.0896246,
       47.9205272
      ],
      [
       -97.0896468,
       47.9205422
      ],
      [
       -97.0896246,
       47.9206021
      ],
      [
       -97.0896246,
       47.9213808
      ],
      [
       -97.089558,
       47.9214033
      ],
      [
       -97.0895358,
       47.9214707
      ],
      [
       -97.0895691,
       47.9214932
      ],
      [
       -97.0896135,
       47.9214932
      ],
      [
       -97.0896357,
       47.9214482
      ],
      [
       -97.0903905,
       47.9214557
      ],
      [
       -97.0904016,
       47.9214782
      ],
      [
       -97.0905237,
       47.9214782
      ],
      [
       -97.0905348,
       47.9215081
      ],
      [
       -97.0906014,
       47.9215081
      ],
      [
       -97.0906125,
       47.9221821
      ],
      [
       -97.0905348,
       47.9221896
      ],
      [
       -97.0905237,
       47.9222345
      ],
      [
       -97.0901796,
       47.9222345
      ],
      [
       -97.0901685,
       47.9221896
      ],
      [
       -97.0900797,
       47.9221896
      ],
      [
       -97.0900575,
       47.9221746
      ],
      [
       -97.0900575,
       47.9220173
      ],
      [
       -97.0896357,
       47.9220173
      ],
      [
       -97.0896135,
       47.9220473
      ],
      [
       -97.0895469,
       47.9220473
      ],
      [
       -97.089558,
       47.9222045
      ],
      [
       -97.0895358,
       47.9222195
      ],
      [
       -97.0892583,
       47.922227
      ],
      [
       -97.0891695,
       47.9222045
      ],
      [
       -97.0891695,
       47.9220323
      ],
      [
       -97.089103,
       47.9220323
      ],
      [
       -97.0890919,
       47.922212
      ],
      [
       -97.0890031,
       47.9222195
      ],
      [
       -97.0889587,
       47.9222869
      ],
      [
       -97.088881,
       47.9223244
      ],
      [
       -97.0886923,
       47.9223244
      ],
      [
       -97.088659,
       47.9223543
      ],
      [
       -97.0889698,
       47.9223543
      ],
      [
       -97.0889809,
       47.9223019
      ],
      [
       -97.0895136,
       47.9223019
      ],
      [
       -97.0895247,
       47.9223543
      ],
      [
       -97.0896468,
       47.9223543
      ],
      [
       -97.089669,
       47.9223693
      ],
      [
       -97.0896579,
       47.9226089
      ],
      [
       -97.0896024,
       47.9226538
      ],
      [
       -97.0895247,
       47.9226613
      ],
      [
       -97.0895136,
       47.9227137
      ],
      [
       -97.0888699,
       47.9227137
      ],
      [
       -97.0888477,
       47.9226538
      ],
      [
       -97.0885369,
       47.9226538
      ],
      [
       -97.0885147,
       47.9226688
      ],
      [
       -97.0884592,
       47.9229084
      ],
      [
       -97.0884481,
       47.9231555
      ],
      [
       -97.0884703,
       47.923208
      ],
      [
       -97.090779,
       47.923208
      ],
      [
       -97.0907901,
       47.9232229
      ],
      [
       -97.0909455,
       47.9232229
      ]
     ]
    ]
   },
   "properties": {
    "id": "MOW-054",
    "name": "UND Green Space 55",
    "category": "UND Green Space",
    "acres": "",
    "drawn_acres": 11.8,
    "crew": "",
    "frequency": "weekly",
    "mower": "",
    "ownership": "UND",
    "site": "main",
    "needs_tracing": true,
    "notes": "Imported from Mowing Map 2025 (PDF). Line the overlay up in Edit mode and re-import to place these exactly, then verify edges."
   }
  },
  {
   "type": "Feature",
   "geometry": {
    "type": "Polygon",
    "coordinates": [
     [
      [
       -97.0783697,
       47.9234027
      ],
      [
       -97.0783697,
       47.9233427
      ],
      [
       -97.0766715,
       47.9233427
      ],
      [
       -97.0766715,
       47.9233802
      ],
      [
       -97.0766382,
       47.9233877
      ],
      [
       -97.0766382,
       47.9234027
      ],
      [
       -97.0783697,
       47.9234027
      ]
     ]
    ]
   },
   "properties": {
    "id": "MOW-055",
    "name": "UND Green Space 56",
    "category": "UND Green Space",
    "acres": "",
    "drawn_acres": 0.21,
    "crew": "",
    "frequency": "weekly",
    "mower": "",
    "ownership": "UND",
    "site": "main",
    "needs_tracing": true,
    "notes": "Imported from Mowing Map 2025 (PDF). Line the overlay up in Edit mode and re-import to place these exactly, then verify edges."
   }
  },
  {
   "type": "Feature",
   "geometry": {
    "type": "Polygon",
    "coordinates": [
     [
      [
       -97.0798682,
       47.9234027
      ],
      [
       -97.0820104,
       47.9233952
      ],
      [
       -97.0820104,
       47.9233427
      ],
      [
       -97.0798682,
       47.9233427
      ],
      [
       -97.0798682,
       47.9234027
      ]
     ]
    ]
   },
   "properties": {
    "id": "MOW-056",
    "name": "UND Green Space 57",
    "category": "UND Green Space",
    "acres": "",
    "drawn_acres": 0.25,
    "crew": "",
    "frequency": "weekly",
    "mower": "",
    "ownership": "UND",
    "site": "main",
    "needs_tracing": true,
    "notes": "Imported from Mowing Map 2025 (PDF). Line the overlay up in Edit mode and re-import to place these exactly, then verify edges."
   }
  },
  {
   "type": "Feature",
   "geometry": {
    "type": "Polygon",
    "coordinates": [
     [
      [
       -97.065128,
       47.923792
      ],
      [
       -97.065128,
       47.9234176
      ],
      [
       -97.0645176,
       47.9234176
      ],
      [
       -97.0645176,
       47.9237321
      ],
      [
       -97.0648839,
       47.9237321
      ],
      [
       -97.0649172,
       47.923792
      ],
      [
       -97.065128,
       47.923792
      ]
     ]
    ]
   },
   "properties": {
    "id": "MOW-057",
    "name": "UND Green Space 58",
    "category": "UND Green Space",
    "acres": "",
    "drawn_acres": 0.42,
    "crew": "",
    "frequency": "weekly",
    "mower": "",
    "ownership": "UND",
    "site": "main",
    "needs_tracing": true,
    "notes": "Imported from Mowing Map 2025 (PDF). Line the overlay up in Edit mode and re-import to place these exactly, then verify edges."
   }
  },
  {
   "type": "Feature",
   "geometry": {
    "type": "Polygon",
    "coordinates": [
     [
      [
       -97.06535,
       47.9237995
      ],
      [
       -97.06535,
       47.9237546
      ],
      [
       -97.0654277,
       47.9237396
      ],
      [
       -97.0654277,
       47.9233727
      ],
      [
       -97.0653611,
       47.9233727
      ],
      [
       -97.06535,
       47.9234176
      ],
      [
       -97.0652057,
       47.9234176
      ],
      [
       -97.0651946,
       47.9234551
      ],
      [
       -97.0651946,
       47.923792
      ],
      [
       -97.06535,
       47.9237995
      ]
     ]
    ]
   },
   "properties": {
    "id": "MOW-058",
    "name": "UND Green Space 59",
    "category": "UND Green Space",
    "acres": "",
    "drawn_acres": 0.18,
    "crew": "",
    "frequency": "weekly",
    "mower": "",
    "ownership": "UND",
    "site": "main",
    "needs_tracing": true,
    "notes": "Imported from Mowing Map 2025 (PDF). Line the overlay up in Edit mode and re-import to place these exactly, then verify edges."
   }
  },
  {
   "type": "Feature",
   "geometry": {
    "type": "Polygon",
    "coordinates": [
     [
      [
       -97.0671482,
       47.923807
      ],
      [
       -97.0679029,
       47.923792
      ],
      [
       -97.0679029,
       47.9234626
      ],
      [
       -97.0678363,
       47.9234626
      ],
      [
       -97.0678252,
       47.9234251
      ],
      [
       -97.066571,
       47.9234251
      ],
      [
       -97.0665821,
       47.9237995
      ],
      [
       -97.066904,
       47.923807
      ],
      [
       -97.0669262,
       47.9237471
      ],
      [
       -97.067126,
       47.9237471
      ],
      [
       -97.0671482,
       47.923807
      ]
     ]
    ]
   },
   "properties": {
    "id": "MOW-059",
    "name": "UND Green Space 60",
    "category": "UND Green Space",
    "acres": "",
    "drawn_acres": 0.99,
    "crew": "",
    "frequency": "weekly",
    "mower": "",
    "ownership": "UND",
    "site": "main",
    "needs_tracing": true,
    "notes": "Imported from Mowing Map 2025 (PDF). Line the overlay up in Edit mode and re-import to place these exactly, then verify edges."
   }
  },
  {
   "type": "Feature",
   "geometry": {
    "type": "Polygon",
    "coordinates": [
     [
      [
       -97.0737302,
       47.9241065
      ],
      [
       -97.0737191,
       47.9240691
      ],
      [
       -97.0735526,
       47.9239044
      ],
      [
       -97.0735748,
       47.9236722
      ],
      [
       -97.0729421,
       47.9236797
      ],
      [
       -97.0729421,
       47.9237546
      ],
      [
       -97.0729865,
       47.9237546
      ],
      [
       -97.073042,
       47.9236947
      ],
      [
       -97.0734527,
       47.9236947
      ],
      [
       -97.0734638,
       47.923837
      ],
      [
       -97.0734194,
       47.9238519
      ],
      [
       -97.0734194,
       47.9241065
      ],
      [
       -97.0737302,
       47.9241065
      ]
     ]
    ]
   },
   "properties": {
    "id": "MOW-060",
    "name": "UND Green Space 61",
    "category": "UND Green Space",
    "acres": "",
    "drawn_acres": 0.18,
    "crew": "",
    "frequency": "weekly",
    "mower": "",
    "ownership": "UND",
    "site": "main",
    "needs_tracing": true,
    "notes": "Imported from Mowing Map 2025 (PDF). Line the overlay up in Edit mode and re-import to place these exactly, then verify edges."
   }
  },
  {
   "type": "Feature",
   "geometry": {
    "type": "Polygon",
    "coordinates": [
     [
      [
       -97.0686688,
       47.9242563
      ],
      [
       -97.0686688,
       47.9240691
      ],
      [
       -97.0681138,
       47.9240691
      ],
      [
       -97.0681027,
       47.9240167
      ],
      [
       -97.0680472,
       47.9240092
      ],
      [
       -97.0680472,
       47.9238969
      ],
      [
       -97.068025,
       47.9238969
      ],
      [
       -97.0680361,
       47.9242413
      ],
      [
       -97.0680916,
       47.9242563
      ],
      [
       -97.0686688,
       47.9242563
      ]
     ]
    ]
   },
   "properties": {
    "id": "MOW-061",
    "name": "UND Green Space 62",
    "category": "UND Green Space",
    "acres": "",
    "drawn_acres": 0.26,
    "crew": "",
    "frequency": "weekly",
    "mower": "",
    "ownership": "UND",
    "site": "main",
    "needs_tracing": true,
    "notes": "Imported from Mowing Map 2025 (PDF). Line the overlay up in Edit mode and re-import to place these exactly, then verify edges."
   }
  },
  {
   "type": "Feature",
   "geometry": {
    "type": "Polygon",
    "coordinates": [
     [
      [
       -97.0739965,
       47.9244435
      ],
      [
       -97.0738966,
       47.9242563
      ],
      [
       -97.0729199,
       47.9242488
      ],
      [
       -97.0729199,
       47.924436
      ],
      [
       -97.0739965,
       47.9244435
      ]
     ]
    ]
   },
   "properties": {
    "id": "MOW-062",
    "name": "UND Green Space 63",
    "category": "UND Green Space",
    "acres": "",
    "drawn_acres": 0.39,
    "crew": "",
    "frequency": "weekly",
    "mower": "",
    "ownership": "UND",
    "site": "main",
    "needs_tracing": true,
    "notes": "Imported from Mowing Map 2025 (PDF). Line the overlay up in Edit mode and re-import to place these exactly, then verify edges."
   }
  },
  {
   "type": "Feature",
   "geometry": {
    "type": "Polygon",
    "coordinates": [
     [
      [
       -97.0707888,
       47.9245259
      ],
      [
       -97.0707666,
       47.9243836
      ],
      [
       -97.0707444,
       47.9243761
      ],
      [
       -97.0707555,
       47.9243387
      ],
      [
       -97.070811,
       47.9243387
      ],
      [
       -97.0708554,
       47.9243686
      ],
      [
       -97.0710774,
       47.9243836
      ],
      [
       -97.0711551,
       47.9243686
      ],
      [
       -97.071144,
       47.9243387
      ],
      [
       -97.0708998,
       47.9241365
      ],
      [
       -97.0708221,
       47.9240017
      ],
      [
       -97.070811,
       47.9234251
      ],
      [
       -97.0696011,
       47.9234251
      ],
      [
       -97.0696011,
       47.9237696
      ],
      [
       -97.0700895,
       47.9237696
      ],
      [
       -97.0701117,
       47.9237846
      ],
      [
       -97.0701006,
       47.924114
      ],
      [
       -97.0700451,
       47.9241065
      ],
      [
       -97.0700451,
       47.9238145
      ],
      [
       -97.069701,
       47.9238145
      ],
      [
       -97.0696899,
       47.9238669
      ],
      [
       -97.0696455,
       47.9238669
      ],
      [
       -97.0696344,
       47.9238145
      ],
      [
       -97.0696011,
       47.9238145
      ],
      [
       -97.0696011,
       47.9242937
      ],
      [
       -97.0700784,
       47.9243012
      ],
      [
       -97.0700895,
       47.9245184
      ],
      [
       -97.0707888,
       47.9245259
      ]
     ],
     [
      [
       -97.0706778,
       47.9244884
      ],
      [
       -97.0701783,
       47.9244884
      ],
      [
       -97.0701561,
       47.9244735
      ],
      [
       -97.0701561,
       47.9243462
      ],
      [
       -97.0702005,
       47.9243312
      ],
      [
       -97.0702005,
       47.9242264
      ],
      [
       -97.0702227,
       47.9242114
      ],
      [
       -97.0703448,
       47.9242114
      ],
      [
       -97.0703559,
       47.9241664
      ],
      [
       -97.0704336,
       47.9241664
      ],
      [
       -97.0704447,
       47.9242039
      ],
      [
       -97.0704891,
       47.9242114
      ],
      [
       -97.0706445,
       47.9242114
      ],
      [
       -97.0706556,
       47.9243312
      ],
      [
       -97.0707,
       47.9243462
      ],
      [
       -97.0707,
       47.9244735
      ],
      [
       -97.0706778,
       47.9244884
      ]
     ]
    ]
   },
   "properties": {
    "id": "MOW-063",
    "name": "UND Green Space 64",
    "category": "UND Green Space",
    "acres": "",
    "drawn_acres": 2.53,
    "crew": "",
    "frequency": "weekly",
    "mower": "",
    "ownership": "UND",
    "site": "main",
    "needs_tracing": true,
    "notes": "Imported from Mowing Map 2025 (PDF). Line the overlay up in Edit mode and re-import to place these exactly, then verify edges."
   }
  },
  {
   "type": "Feature",
   "geometry": {
    "type": "Polygon",
    "coordinates": [
     [
      [
       -97.0712106,
       47.9248703
      ],
      [
       -97.0712106,
       47.9244735
      ],
      [
       -97.0711107,
       47.924466
      ],
      [
       -97.0710219,
       47.9244959
      ],
      [
       -97.0710108,
       47.9245858
      ],
      [
       -97.0709442,
       47.9246232
      ],
      [
       -97.0709553,
       47.9246981
      ],
      [
       -97.0708665,
       47.9247131
      ],
      [
       -97.0708665,
       47.9248554
      ],
      [
       -97.071144,
       47.9248554
      ],
      [
       -97.0711551,
       47.9248703
      ],
      [
       -97.0712106,
       47.9248703
      ]
     ]
    ]
   },
   "properties": {
    "id": "MOW-064",
    "name": "UND Green Space 65",
    "category": "UND Green Space",
    "acres": "",
    "drawn_acres": 0.21,
    "crew": "",
    "frequency": "weekly",
    "mower": "",
    "ownership": "UND",
    "site": "main",
    "needs_tracing": true,
    "notes": "Imported from Mowing Map 2025 (PDF). Line the overlay up in Edit mode and re-import to place these exactly, then verify edges."
   }
  },
  {
   "type": "Feature",
   "geometry": {
    "type": "Polygon",
    "coordinates": [
     [
      [
       -97.0696344,
       47.9249302
      ],
      [
       -97.0696122,
       47.9248703
      ],
      [
       -97.0696455,
       47.9248554
      ],
      [
       -97.0699674,
       47.9248554
      ],
      [
       -97.0699674,
       47.9245409
      ],
      [
       -97.0700118,
       47.9245334
      ],
      [
       -97.0700229,
       47.924436
      ],
      [
       -97.0697898,
       47.924436
      ],
      [
       -97.0697676,
       47.9243686
      ],
      [
       -97.06959,
       47.9243686
      ],
      [
       -97.06959,
       47.9249228
      ],
      [
       -97.0696344,
       47.9249302
      ]
     ]
    ]
   },
   "properties": {
    "id": "MOW-065",
    "name": "UND Green Space 66",
    "category": "UND Green Space",
    "acres": "",
    "drawn_acres": 0.37,
    "crew": "",
    "frequency": "weekly",
    "mower": "",
    "ownership": "UND",
    "site": "main",
    "needs_tracing": true,
    "notes": "Imported from Mowing Map 2025 (PDF). Line the overlay up in Edit mode and re-import to place these exactly, then verify edges."
   }
  },
  {
   "type": "Feature",
   "geometry": {
    "type": "Polygon",
    "coordinates": [
     [
      [
       -97.0686577,
       47.9250575
      ],
      [
       -97.0686577,
       47.9248404
      ],
      [
       -97.0681249,
       47.9248404
      ],
      [
       -97.0681027,
       47.9247356
      ],
      [
       -97.0680361,
       47.9247356
      ],
      [
       -97.0680361,
       47.9250575
      ],
      [
       -97.0686577,
       47.9250575
      ]
     ]
    ]
   },
   "properties": {
    "id": "MOW-066",
    "name": "UND Green Space 67",
    "category": "UND Green Space",
    "acres": "",
    "drawn_acres": 0.29,
    "crew": "",
    "frequency": "weekly",
    "mower": "",
    "ownership": "UND",
    "site": "main",
    "needs_tracing": true,
    "notes": "Imported from Mowing Map 2025 (PDF). Line the overlay up in Edit mode and re-import to place these exactly, then verify edges."
   }
  },
  {
   "type": "Feature",
   "geometry": {
    "type": "Polygon",
    "coordinates": [
     [
      [
       -97.0706667,
       47.9251549
      ],
      [
       -97.0706667,
       47.9250575
      ],
      [
       -97.0696455,
       47.9250575
      ],
      [
       -97.0696344,
       47.9250126
      ],
      [
       -97.06959,
       47.9250126
      ],
      [
       -97.0696011,
       47.9251474
      ],
      [
       -97.0706667,
       47.9251549
      ]
     ]
    ]
   },
   "properties": {
    "id": "MOW-067",
    "name": "UND Green Space 68",
    "category": "UND Green Space",
    "acres": "",
    "drawn_acres": 0.21,
    "crew": "",
    "frequency": "weekly",
    "mower": "",
    "ownership": "UND",
    "site": "main",
    "needs_tracing": true,
    "notes": "Imported from Mowing Map 2025 (PDF). Line the overlay up in Edit mode and re-import to place these exactly, then verify edges."
   }
  },
  {
   "type": "Feature",
   "geometry": {
    "type": "Polygon",
    "coordinates": [
     [
      [
       -97.0694014,
       47.9253196
      ],
      [
       -97.0694347,
       47.9252747
      ],
      [
       -97.0694457,
       47.9243686
      ],
      [
       -97.0693237,
       47.9243462
      ],
      [
       -97.0693237,
       47.9252223
      ],
      [
       -97.0692349,
       47.9252448
      ],
      [
       -97.0690462,
       47.9252448
      ],
      [
       -97.0690462,
       47.9253047
      ],
      [
       -97.0694014,
       47.9253196
      ]
     ]
    ]
   },
   "properties": {
    "id": "MOW-068",
    "name": "UND Green Space 69",
    "category": "UND Green Space",
    "acres": "",
    "drawn_acres": 0.27,
    "crew": "",
    "frequency": "weekly",
    "mower": "",
    "ownership": "UND",
    "site": "main",
    "needs_tracing": true,
    "notes": "Imported from Mowing Map 2025 (PDF). Line the overlay up in Edit mode and re-import to place these exactly, then verify edges."
   }
  },
  {
   "type": "Feature",
   "geometry": {
    "type": "Polygon",
    "coordinates": [
     [
      [
       -97.0727312,
       47.9253196
      ],
      [
       -97.0727312,
       47.9252897
      ],
      [
       -97.0727867,
       47.9252672
      ],
      [
       -97.0727867,
       47.9234251
      ],
      [
       -97.0709775,
       47.9234251
      ],
      [
       -97.0709664,
       47.9238295
      ],
      [
       -97.0711329,
       47.923837
      ],
      [
       -97.071144,
       47.9238519
      ],
      [
       -97.0714659,
       47.9238295
      ],
      [
       -97.0714659,
       47.9238145
      ],
      [
       -97.0714215,
       47.923807
      ],
      [
       -97.0714326,
       47.9234401
      ],
      [
       -97.07171,
       47.9234476
      ],
      [
       -97.07171,
       47.9237771
      ],
      [
       -97.0718099,
       47.9237771
      ],
      [
       -97.0718543,
       47.923807
      ],
      [
       -97.0717988,
       47.9240991
      ],
      [
       -97.0715103,
       47.9240991
      ],
      [
       -97.0714881,
       47.9240841
      ],
      [
       -97.0714881,
       47.9240242
      ],
      [
       -97.0714215,
       47.9240167
      ],
      [
       -97.0714104,
       47.9238969
      ],
      [
       -97.0710219,
       47.9238969
      ],
      [
       -97.0709664,
       47.9239119
      ],
      [
       -97.0709997,
       47.9240392
      ],
      [
       -97.0712883,
       47.9243087
      ],
      [
       -97.0713549,
       47.924436
      ],
      [
       -97.071366,
       47.9253047
      ],
      [
       -97.0714215,
       47.9253196
      ],
      [
       -97.0727312,
       47.9253196
      ]
     ]
    ]
   },
   "properties": {
    "id": "MOW-069",
    "name": "UND Green Space 70",
    "category": "UND Green Space",
    "acres": "",
    "drawn_acres": 5.65,
    "crew": "",
    "frequency": "weekly",
    "mower": "",
    "ownership": "UND",
    "site": "main",
    "needs_tracing": true,
    "notes": "Imported from Mowing Map 2025 (PDF). Line the overlay up in Edit mode and re-import to place these exactly, then verify edges."
   }
  },
  {
   "type": "Feature",
   "geometry": {
    "type": "Polygon",
    "coordinates": [
     [
      [
       -97.0700673,
       47.9253346
      ],
      [
       -97.0700784,
       47.9253196
      ],
      [
       -97.071144,
       47.9253196
      ],
      [
       -97.0711995,
       47.9253047
      ],
      [
       -97.0712106,
       47.9252373
      ],
      [
       -97.0711329,
       47.9252298
      ],
      [
       -97.0711107,
       47.9253047
      ],
      [
       -97.0710663,
       47.9253047
      ],
      [
       -97.0710552,
       47.9252747
      ],
      [
       -97.0697232,
       47.9252747
      ],
      [
       -97.069701,
       47.9252223
      ],
      [
       -97.0696677,
       47.9252148
      ],
      [
       -97.06959,
       47.9252223
      ],
      [
       -97.0695678,
       47.9252597
      ],
      [
       -97.0695678,
       47.9252897
      ],
      [
       -97.0696677,
       47.9253346
      ],
      [
       -97.0700673,
       47.9253346
      ]
     ]
    ]
   },
   "properties": {
    "id": "MOW-070",
    "name": "UND Green Space 71",
    "category": "UND Green Space",
    "acres": "",
    "drawn_acres": 0.18,
    "crew": "",
    "frequency": "weekly",
    "mower": "",
    "ownership": "UND",
    "site": "main",
    "needs_tracing": true,
    "notes": "Imported from Mowing Map 2025 (PDF). Line the overlay up in Edit mode and re-import to place these exactly, then verify edges."
   }
  },
  {
   "type": "Feature",
   "geometry": {
    "type": "Polygon",
    "coordinates": [
     [
      [
       -97.0644621,
       47.925372
      ],
      [
       -97.0646175,
       47.9253646
      ],
      [
       -97.0646064,
       47.9249602
      ],
      [
       -97.0646286,
       47.9249452
      ],
      [
       -97.064784,
       47.9249452
      ],
      [
       -97.064784,
       47.9249228
      ],
      [
       -97.0647507,
       47.9249228
      ],
      [
       -97.0646952,
       47.9248778
      ],
      [
       -97.0641735,
       47.9248778
      ],
      [
       -97.0641735,
       47.9249827
      ],
      [
       -97.0643067,
       47.9251549
      ],
      [
       -97.06434,
       47.9253346
      ],
      [
       -97.0644399,
       47.9253421
      ],
      [
       -97.0644621,
       47.925372
      ]
     ]
    ]
   },
   "properties": {
    "id": "MOW-071",
    "name": "UND Green Space 72",
    "category": "UND Green Space",
    "acres": "",
    "drawn_acres": 0.36,
    "crew": "",
    "frequency": "weekly",
    "mower": "",
    "ownership": "UND",
    "site": "main",
    "needs_tracing": true,
    "notes": "Imported from Mowing Map 2025 (PDF). Line the overlay up in Edit mode and re-import to place these exactly, then verify edges."
   }
  },
  {
   "type": "Feature",
   "geometry": {
    "type": "Polygon",
    "coordinates": [
     [
      [
       -97.0703559,
       47.9256866
      ],
      [
       -97.0703559,
       47.9256641
      ],
      [
       -97.0702671,
       47.9256491
      ],
      [
       -97.0702671,
       47.9254694
      ],
      [
       -97.0696677,
       47.9254694
      ],
      [
       -97.0696677,
       47.9256866
      ],
      [
       -97.0703559,
       47.9256866
      ]
     ]
    ]
   },
   "properties": {
    "id": "MOW-072",
    "name": "UND Green Space 73",
    "category": "UND Green Space",
    "acres": "",
    "drawn_acres": 0.27,
    "crew": "",
    "frequency": "weekly",
    "mower": "",
    "ownership": "UND",
    "site": "main",
    "needs_tracing": true,
    "notes": "Imported from Mowing Map 2025 (PDF). Line the overlay up in Edit mode and re-import to place these exactly, then verify edges."
   }
  },
  {
   "type": "Feature",
   "geometry": {
    "type": "Polygon",
    "coordinates": [
     [
      [
       -97.069135,
       47.9258363
      ],
      [
       -97.069135,
       47.9257689
      ],
      [
       -97.0691572,
       47.9257539
      ],
      [
       -97.0692793,
       47.9257539
      ],
      [
       -97.0692904,
       47.9257689
      ],
      [
       -97.0693459,
       47.9257539
      ],
      [
       -97.0694347,
       47.9257614
      ],
      [
       -97.0694347,
       47.9254694
      ],
      [
       -97.0694014,
       47.925417
      ],
      [
       -97.0691572,
       47.925417
      ],
      [
       -97.0691461,
       47.9254694
      ],
      [
       -97.0690462,
       47.9254694
      ],
      [
       -97.0690462,
       47.9258363
      ],
      [
       -97.069135,
       47.9258363
      ]
     ]
    ]
   },
   "properties": {
    "id": "MOW-073",
    "name": "UND Green Space 74",
    "category": "UND Green Space",
    "acres": "",
    "drawn_acres": 0.27,
    "crew": "",
    "frequency": "weekly",
    "mower": "",
    "ownership": "UND",
    "site": "main",
    "needs_tracing": true,
    "notes": "Imported from Mowing Map 2025 (PDF). Line the overlay up in Edit mode and re-import to place these exactly, then verify edges."
   }
  },
  {
   "type": "Feature",
   "geometry": {
    "type": "Polygon",
    "coordinates": [
     [
      [
       -97.0641402,
       47.9260535
      ],
      [
       -97.0644843,
       47.926046
      ],
      [
       -97.0645176,
       47.9259561
      ],
      [
       -97.0646286,
       47.9259711
      ],
      [
       -97.0646175,
       47.9255443
      ],
      [
       -97.0645065,
       47.9255518
      ],
      [
       -97.064451,
       47.9255892
      ],
      [
       -97.0643511,
       47.9255817
      ],
      [
       -97.0643067,
       47.9257614
      ],
      [
       -97.064118,
       47.9260011
      ],
      [
       -97.0641402,
       47.9260535
      ]
     ]
    ]
   },
   "properties": {
    "id": "MOW-074",
    "name": "UND Green Space 75",
    "category": "UND Green Space",
    "acres": "",
    "drawn_acres": 0.35,
    "crew": "",
    "frequency": "weekly",
    "mower": "",
    "ownership": "UND",
    "site": "main",
    "needs_tracing": true,
    "notes": "Imported from Mowing Map 2025 (PDF). Line the overlay up in Edit mode and re-import to place these exactly, then verify edges."
   }
  },
  {
   "type": "Feature",
   "geometry": {
    "type": "Polygon",
    "coordinates": [
     [
      [
       -97.0664267,
       47.9261658
      ],
      [
       -97.0664267,
       47.9255892
      ],
      [
       -97.0663268,
       47.9255817
      ],
      [
       -97.0662935,
       47.9255967
      ],
      [
       -97.0662935,
       47.9259786
      ],
      [
       -97.0660826,
       47.9259861
      ],
      [
       -97.0660715,
       47.9259561
      ],
      [
       -97.0659827,
       47.9259412
      ],
      [
       -97.0659827,
       47.9258288
      ],
      [
       -97.0658162,
       47.9258288
      ],
      [
       -97.0658162,
       47.9261658
      ],
      [
       -97.0664267,
       47.9261658
      ]
     ]
    ]
   },
   "properties": {
    "id": "MOW-075",
    "name": "UND Green Space 76",
    "category": "UND Green Space",
    "acres": "",
    "drawn_acres": 0.4,
    "crew": "",
    "frequency": "weekly",
    "mower": "",
    "ownership": "UND",
    "site": "main",
    "needs_tracing": true,
    "notes": "Imported from Mowing Map 2025 (PDF). Line the overlay up in Edit mode and re-import to place these exactly, then verify edges."
   }
  },
  {
   "type": "Feature",
   "geometry": {
    "type": "Polygon",
    "coordinates": [
     [
      [
       -97.0641624,
       47.9263156
      ],
      [
       -97.0640514,
       47.9262407
      ],
      [
       -97.0640514,
       47.9261583
      ],
      [
       -97.0639959,
       47.9260535
      ],
      [
       -97.0640181,
       47.9259636
      ],
      [
       -97.0640625,
       47.9259262
      ],
      [
       -97.0640625,
       47.9259037
      ],
      [
       -97.064007,
       47.9258962
      ],
      [
       -97.0639959,
       47.9255293
      ],
      [
       -97.0640181,
       47.9255068
      ],
      [
       -97.0640514,
       47.9255068
      ],
      [
       -97.0640625,
       47.9254245
      ],
      [
       -97.064007,
       47.925402
      ],
      [
       -97.0639959,
       47.9250201
      ],
      [
       -97.0640736,
       47.9250051
      ],
      [
       -97.0640736,
       47.9249003
      ],
      [
       -97.0640514,
       47.9248629
      ],
      [
       -97.0639848,
       47.9248629
      ],
      [
       -97.0639737,
       47.9249902
      ],
      [
       -97.0639182,
       47.9249827
      ],
      [
       -97.0639182,
       47.9248778
      ],
      [
       -97.063896,
       47.9248778
      ],
      [
       -97.063896,
       47.9251699
      ],
      [
       -97.0639182,
       47.9251774
      ],
      [
       -97.0639293,
       47.9252373
      ],
      [
       -97.0639293,
       47.9262781
      ],
      [
       -97.0641624,
       47.9263156
      ]
     ]
    ]
   },
   "properties": {
    "id": "MOW-076",
    "name": "UND Green Space 77",
    "category": "UND Green Space",
    "acres": "",
    "drawn_acres": 0.28,
    "crew": "",
    "frequency": "weekly",
    "mower": "",
    "ownership": "UND",
    "site": "main",
    "needs_tracing": true,
    "notes": "Imported from Mowing Map 2025 (PDF). Line the overlay up in Edit mode and re-import to place these exactly, then verify edges."
   }
  },
  {
   "type": "Feature",
   "geometry": {
    "type": "Polygon",
    "coordinates": [
     [
      [
       -97.0789358,
       47.9264279
      ],
      [
       -97.0789136,
       47.9263979
      ],
      [
       -97.0789247,
       47.9263455
      ],
      [
       -97.0793243,
       47.9263455
      ],
      [
       -97.0793243,
       47.9262706
      ],
      [
       -97.0793576,
       47.9262407
      ],
      [
       -97.0793576,
       47.926061
      ],
      [
       -97.079402,
       47.926046
      ],
      [
       -97.079402,
       47.9259936
      ],
      [
       -97.0791578,
       47.926016
      ],
      [
       -97.0790024,
       47.9259861
      ],
      [
       -97.0790135,
       47.9258438
      ],
      [
       -97.0788692,
       47.9258288
      ],
      [
       -97.0788692,
       47.925387
      ],
      [
       -97.0793465,
       47.9253795
      ],
      [
       -97.0793687,
       47.9254095
      ],
      [
       -97.0793687,
       47.9255218
      ],
      [
       -97.0794353,
       47.9255293
      ],
      [
       -97.0794353,
       47.9256192
      ],
      [
       -97.0792688,
       47.9256341
      ],
      [
       -97.0792688,
       47.9256641
      ],
      [
       -97.0794464,
       47.9256641
      ],
      [
       -97.0794575,
       47.925739
      ],
      [
       -97.0797017,
       47.925739
      ],
      [
       -97.0797239,
       47.9257539
      ],
      [
       -97.0797239,
       47.9259636
      ],
      [
       -97.0798793,
       47.9259786
      ],
      [
       -97.0798793,
       47.9253795
      ],
      [
       -97.0798127,
       47.9253795
      ],
      [
       -97.0797683,
       47.9253571
      ],
      [
       -97.0788248,
       47.9253571
      ],
      [
       -97.0788137,
       47.9252897
      ],
      [
       -97.0787693,
       47.9252972
      ],
      [
       -97.0787693,
       47.9264204
      ],
      [
       -97.0789358,
       47.9264279
      ]
     ]
    ]
   },
   "properties": {
    "id": "MOW-077",
    "name": "UND Green Space 78",
    "category": "UND Green Space",
    "acres": "",
    "drawn_acres": 1.1,
    "crew": "",
    "frequency": "weekly",
    "mower": "",
    "ownership": "UND",
    "site": "main",
    "needs_tracing": true,
    "notes": "Imported from Mowing Map 2025 (PDF). Line the overlay up in Edit mode and re-import to place these exactly, then verify edges."
   }
  },
  {
   "type": "Feature",
   "geometry": {
    "type": "Polygon",
    "coordinates": [
     [
      [
       -97.0654388,
       47.9266525
      ],
      [
       -97.0655054,
       47.9266151
      ],
      [
       -97.0655165,
       47.9265477
      ],
      [
       -97.0651502,
       47.9265402
      ],
      [
       -97.0650615,
       47.9265177
      ],
      [
       -97.0649616,
       47.9264354
      ],
      [
       -97.0649394,
       47.9263455
      ],
      [
       -97.0649061,
       47.9263455
      ],
      [
       -97.064895,
       47.9263904
      ],
      [
       -97.0645509,
       47.9263904
      ],
      [
       -97.0645287,
       47.926338
      ],
      [
       -97.0642956,
       47.9263305
      ],
      [
       -97.0642956,
       47.9263455
      ],
      [
       -97.0643622,
       47.926368
      ],
      [
       -97.0644954,
       47.926383
      ],
      [
       -97.0645176,
       47.9264054
      ],
      [
       -97.0646064,
       47.9264204
      ],
      [
       -97.0646508,
       47.9264578
      ],
      [
       -97.0650615,
       47.9265702
      ],
      [
       -97.0652501,
       47.9265926
      ],
      [
       -97.0653722,
       47.9266301
      ],
      [
       -97.0653944,
       47.9266525
      ],
      [
       -97.0654388,
       47.9266525
      ]
     ]
    ]
   },
   "properties": {
    "id": "MOW-078",
    "name": "UND Green Space 79",
    "category": "UND Green Space",
    "acres": "",
    "drawn_acres": 0.18,
    "crew": "",
    "frequency": "weekly",
    "mower": "",
    "ownership": "UND",
    "site": "main",
    "needs_tracing": true,
    "notes": "Imported from Mowing Map 2025 (PDF). Line the overlay up in Edit mode and re-import to place these exactly, then verify edges."
   }
  },
  {
   "type": "Feature",
   "geometry": {
    "type": "Polygon",
    "coordinates": [
     [
      [
       -97.0731308,
       47.9267349
      ],
      [
       -97.0731308,
       47.9256866
      ],
      [
       -97.0729532,
       47.9256866
      ],
      [
       -97.0729532,
       47.9267349
      ],
      [
       -97.0731308,
       47.9267349
      ]
     ]
    ]
   },
   "properties": {
    "id": "MOW-079",
    "name": "UND Green Space 80",
    "category": "UND Green Space",
    "acres": "",
    "drawn_acres": 0.38,
    "crew": "",
    "frequency": "weekly",
    "mower": "",
    "ownership": "UND",
    "site": "main",
    "needs_tracing": true,
    "notes": "Imported from Mowing Map 2025 (PDF). Line the overlay up in Edit mode and re-import to place these exactly, then verify edges."
   }
  },
  {
   "type": "Feature",
   "geometry": {
    "type": "Polygon",
    "coordinates": [
     [
      [
       -97.0748512,
       47.9268173
      ],
      [
       -97.0748623,
       47.926675
      ],
      [
       -97.0748401,
       47.926675
      ],
      [
       -97.0748068,
       47.9267199
      ],
      [
       -97.0733417,
       47.9267199
      ],
      [
       -97.0733306,
       47.926675
      ],
      [
       -97.0732529,
       47.9267199
      ],
      [
       -97.073264,
       47.9267798
      ],
      [
       -97.0748512,
       47.9268173
      ]
     ]
    ]
   },
   "properties": {
    "id": "MOW-080",
    "name": "UND Green Space 81",
    "category": "UND Green Space",
    "acres": "",
    "drawn_acres": 0.27,
    "crew": "",
    "frequency": "weekly",
    "mower": "",
    "ownership": "UND",
    "site": "main",
    "needs_tracing": true,
    "notes": "Imported from Mowing Map 2025 (PDF). Line the overlay up in Edit mode and re-import to place these exactly, then verify edges."
   }
  },
  {
   "type": "Feature",
   "geometry": {
    "type": "Polygon",
    "coordinates": [
     [
      [
       -97.0798127,
       47.9268173
      ],
      [
       -97.0798127,
       47.9265028
      ],
      [
       -97.0797794,
       47.9265028
      ],
      [
       -97.0797683,
       47.9265627
      ],
      [
       -97.0789247,
       47.9265627
      ],
      [
       -97.0789136,
       47.9265103
      ],
      [
       -97.0787693,
       47.9265177
      ],
      [
       -97.0787804,
       47.9268023
      ],
      [
       -97.0788026,
       47.9268173
      ],
      [
       -97.0798127,
       47.9268173
      ]
     ]
    ]
   },
   "properties": {
    "id": "MOW-081",
    "name": "UND Green Space 82",
    "category": "UND Green Space",
    "acres": "",
    "drawn_acres": 0.56,
    "crew": "",
    "frequency": "weekly",
    "mower": "",
    "ownership": "UND",
    "site": "main",
    "needs_tracing": true,
    "notes": "Imported from Mowing Map 2025 (PDF). Line the overlay up in Edit mode and re-import to place these exactly, then verify edges."
   }
  },
  {
   "type": "Feature",
   "geometry": {
    "type": "Polygon",
    "coordinates": [
     [
      [
       -97.0696899,
       47.9269895
      ],
      [
       -97.0697787,
       47.926982
      ],
      [
       -97.0697787,
       47.9269521
      ],
      [
       -97.0696455,
       47.9269521
      ],
      [
       -97.0696233,
       47.9269071
      ],
      [
       -97.0694901,
       47.9268922
      ],
      [
       -97.0680916,
       47.9268847
      ],
      [
       -97.0680916,
       47.9269071
      ],
      [
       -97.0680472,
       47.9269146
      ],
      [
       -97.0680472,
       47.9269745
      ],
      [
       -97.0696344,
       47.9269745
      ],
      [
       -97.0696899,
       47.9269895
      ]
     ]
    ]
   },
   "properties": {
    "id": "MOW-082",
    "name": "UND Green Space 83",
    "category": "UND Green Space",
    "acres": "",
    "drawn_acres": 0.28,
    "crew": "",
    "frequency": "weekly",
    "mower": "",
    "ownership": "UND",
    "site": "main",
    "needs_tracing": true,
    "notes": "Imported from Mowing Map 2025 (PDF). Line the overlay up in Edit mode and re-import to place these exactly, then verify edges."
   }
  },
  {
   "type": "Feature",
   "geometry": {
    "type": "Polygon",
    "coordinates": [
     [
      [
       -97.0711662,
       47.9269895
      ],
      [
       -97.0711884,
       47.9269745
      ],
      [
       -97.0711884,
       47.9269221
      ],
      [
       -97.0711551,
       47.9269221
      ],
      [
       -97.071144,
       47.9268922
      ],
      [
       -97.0702449,
       47.9268922
      ],
      [
       -97.0699785,
       47.9269221
      ],
      [
       -97.0699674,
       47.9269521
      ],
      [
       -97.0698564,
       47.9269521
      ],
      [
       -97.0698564,
       47.926982
      ],
      [
       -97.0708554,
       47.9269745
      ],
      [
       -97.0708665,
       47.9269895
      ],
      [
       -97.0711662,
       47.9269895
      ]
     ]
    ]
   },
   "properties": {
    "id": "MOW-083",
    "name": "UND Green Space 84",
    "category": "UND Green Space",
    "acres": "",
    "drawn_acres": 0.22,
    "crew": "",
    "frequency": "weekly",
    "mower": "",
    "ownership": "UND",
    "site": "main",
    "needs_tracing": true,
    "notes": "Imported from Mowing Map 2025 (PDF). Line the overlay up in Edit mode and re-import to place these exactly, then verify edges."
   }
  },
  {
   "type": "Feature",
   "geometry": {
    "type": "Polygon",
    "coordinates": [
     [
      [
       -97.0668374,
       47.9271468
      ],
      [
       -97.0668596,
       47.9271318
      ],
      [
       -97.0669706,
       47.9271318
      ],
      [
       -97.0669706,
       47.9270868
      ],
      [
       -97.0670261,
       47.9270644
      ],
      [
       -97.0678807,
       47.9270868
      ],
      [
       -97.0678807,
       47.9269221
      ],
      [
       -97.0678474,
       47.9269221
      ],
      [
       -97.0678252,
       47.9268922
      ],
      [
       -97.0674367,
       47.9268847
      ],
      [
       -97.0672481,
       47.9269146
      ],
      [
       -97.067237,
       47.9269595
      ],
      [
       -97.0671149,
       47.9269595
      ],
      [
       -97.0670705,
       47.926982
      ],
      [
       -97.0670594,
       47.9270269
      ],
      [
       -97.0670039,
       47.9270195
      ],
      [
       -97.0670039,
       47.926967
      ],
      [
       -97.0666265,
       47.926967
      ],
      [
       -97.0666265,
       47.9270868
      ],
      [
       -97.0667264,
       47.9270943
      ],
      [
       -97.0668374,
       47.9271468
      ]
     ]
    ]
   },
   "properties": {
    "id": "MOW-084",
    "name": "UND Green Space 85",
    "category": "UND Green Space",
    "acres": "",
    "drawn_acres": 0.4,
    "crew": "",
    "frequency": "weekly",
    "mower": "",
    "ownership": "UND",
    "site": "main",
    "needs_tracing": true,
    "notes": "Imported from Mowing Map 2025 (PDF). Line the overlay up in Edit mode and re-import to place these exactly, then verify edges."
   }
  },
  {
   "type": "Feature",
   "geometry": {
    "type": "Polygon",
    "coordinates": [
     [
      [
       -97.0652168,
       47.9276709
      ],
      [
       -97.0652279,
       47.9271243
      ],
      [
       -97.0663601,
       47.9271243
      ],
      [
       -97.0663712,
       47.9271692
      ],
      [
       -97.0664045,
       47.9271767
      ],
      [
       -97.0664156,
       47.926967
      ],
      [
       -97.0657718,
       47.9269595
      ],
      [
       -97.0642179,
       47.9265402
      ],
      [
       -97.0639737,
       47.9265327
      ],
      [
       -97.0639737,
       47.927012
      ],
      [
       -97.0643622,
       47.9269895
      ],
      [
       -97.0648728,
       47.926997
      ],
      [
       -97.0648839,
       47.927012
      ],
      [
       -97.0651724,
       47.9270195
      ],
      [
       -97.0651724,
       47.9276709
      ],
      [
       -97.0652168,
       47.9276709
      ]
     ]
    ]
   },
   "properties": {
    "id": "MOW-085",
    "name": "UND Green Space 86",
    "category": "UND Green Space",
    "acres": "",
    "drawn_acres": 1.46,
    "crew": "",
    "frequency": "weekly",
    "mower": "",
    "ownership": "UND",
    "site": "main",
    "needs_tracing": true,
    "notes": "Imported from Mowing Map 2025 (PDF). Line the overlay up in Edit mode and re-import to place these exactly, then verify edges."
   }
  },
  {
   "type": "Feature",
   "geometry": {
    "type": "Polygon",
    "coordinates": [
     [
      [
       -97.071477,
       47.9279854
      ],
      [
       -97.0715103,
       47.9279405
      ],
      [
       -97.0715103,
       47.9275586
      ],
      [
       -97.0715325,
       47.9275511
      ],
      [
       -97.0715325,
       47.9275137
      ],
      [
       -97.0721318,
       47.9274987
      ],
      [
       -97.0721429,
       47.9271468
      ],
      [
       -97.0726091,
       47.9271542
      ],
      [
       -97.0726091,
       47.9274912
      ],
      [
       -97.0725758,
       47.9275137
      ],
      [
       -97.072709,
       47.9275137
      ],
      [
       -97.0727201,
       47.9276335
      ],
      [
       -97.0727867,
       47.9276335
      ],
      [
       -97.0727867,
       47.926982
      ],
      [
       -97.0727312,
       47.9269745
      ],
      [
       -97.0727312,
       47.9269446
      ],
      [
       -97.0727756,
       47.9269371
      ],
      [
       -97.0727423,
       47.9268922
      ],
      [
       -97.0714215,
       47.9268847
      ],
      [
       -97.0714104,
       47.9269146
      ],
      [
       -97.071366,
       47.9269146
      ],
      [
       -97.071366,
       47.9269745
      ],
      [
       -97.0714215,
       47.926982
      ],
      [
       -97.0714215,
       47.927012
      ],
      [
       -97.071366,
       47.9270195
      ],
      [
       -97.071366,
       47.9279405
      ],
      [
       -97.0713771,
       47.9279779
      ],
      [
       -97.071477,
       47.9279854
      ]
     ]
    ]
   },
   "properties": {
    "id": "MOW-086",
    "name": "UND Green Space 87",
    "category": "UND Green Space",
    "acres": "",
    "drawn_acres": 1.6,
    "crew": "",
    "frequency": "weekly",
    "mower": "",
    "ownership": "UND",
    "site": "main",
    "needs_tracing": true,
    "notes": "Imported from Mowing Map 2025 (PDF). Line the overlay up in Edit mode and re-import to place these exactly, then verify edges."
   }
  },
  {
   "type": "Feature",
   "geometry": {
    "type": "Polygon",
    "coordinates": [
     [
      [
       -97.0733195,
       47.9280678
      ],
      [
       -97.0733195,
       47.9276035
      ],
      [
       -97.0730531,
       47.9276035
      ],
      [
       -97.0730309,
       47.9275736
      ],
      [
       -97.0729865,
       47.9275736
      ],
      [
       -97.0729865,
       47.9280378
      ],
      [
       -97.0733195,
       47.9280678
      ]
     ]
    ]
   },
   "properties": {
    "id": "MOW-087",
    "name": "UND Green Space 88",
    "category": "UND Green Space",
    "acres": "",
    "drawn_acres": 0.31,
    "crew": "",
    "frequency": "weekly",
    "mower": "",
    "ownership": "UND",
    "site": "main",
    "needs_tracing": true,
    "notes": "Imported from Mowing Map 2025 (PDF). Line the overlay up in Edit mode and re-import to place these exactly, then verify edges."
   }
  },
  {
   "type": "Feature",
   "geometry": {
    "type": "Polygon",
    "coordinates": [
     [
      [
       -97.0666709,
       47.9281352
      ],
      [
       -97.0677697,
       47.9281277
      ],
      [
       -97.0678696,
       47.9280603
      ],
      [
       -97.0679029,
       47.9280079
      ],
      [
       -97.0678807,
       47.9279854
      ],
      [
       -97.0678585,
       47.9277383
      ],
      [
       -97.0676809,
       47.9277308
      ],
      [
       -97.0676809,
       47.9280903
      ],
      [
       -97.0676587,
       47.9281052
      ],
      [
       -97.0666709,
       47.9280978
      ],
      [
       -97.0666709,
       47.9281352
      ]
     ]
    ]
   },
   "properties": {
    "id": "MOW-088",
    "name": "UND Green Space 89",
    "category": "UND Green Space",
    "acres": "",
    "drawn_acres": 0.21,
    "crew": "",
    "frequency": "weekly",
    "mower": "",
    "ownership": "UND",
    "site": "main",
    "needs_tracing": true,
    "notes": "Imported from Mowing Map 2025 (PDF). Line the overlay up in Edit mode and re-import to place these exactly, then verify edges."
   }
  },
  {
   "type": "Feature",
   "geometry": {
    "type": "Polygon",
    "coordinates": [
     [
      [
       -97.0741186,
       47.9281352
      ],
      [
       -97.0739854,
       47.9277683
      ],
      [
       -97.0738189,
       47.927596
      ],
      [
       -97.0735304,
       47.927596
      ],
      [
       -97.0735526,
       47.9276185
      ],
      [
       -97.0735526,
       47.9280828
      ],
      [
       -97.0738855,
       47.9280903
      ],
      [
       -97.0741186,
       47.9281352
      ]
     ]
    ]
   },
   "properties": {
    "id": "MOW-089",
    "name": "UND Green Space 90",
    "category": "UND Green Space",
    "acres": "",
    "drawn_acres": 0.46,
    "crew": "",
    "frequency": "weekly",
    "mower": "",
    "ownership": "UND",
    "site": "main",
    "needs_tracing": true,
    "notes": "Imported from Mowing Map 2025 (PDF). Line the overlay up in Edit mode and re-import to place these exactly, then verify edges."
   }
  },
  {
   "type": "Feature",
   "geometry": {
    "type": "Polygon",
    "coordinates": [
     [
      [
       -97.0652168,
       47.9284422
      ],
      [
       -97.0652168,
       47.9277683
      ],
      [
       -97.0651946,
       47.9277683
      ],
      [
       -97.0651835,
       47.9282251
      ],
      [
       -97.064007,
       47.9282251
      ],
      [
       -97.0640292,
       47.9284347
      ],
      [
       -97.0652168,
       47.9284422
      ]
     ]
    ]
   },
   "properties": {
    "id": "MOW-090",
    "name": "UND Green Space 91",
    "category": "UND Green Space",
    "acres": "",
    "drawn_acres": 0.55,
    "crew": "",
    "frequency": "weekly",
    "mower": "",
    "ownership": "UND",
    "site": "main",
    "needs_tracing": true,
    "notes": "Imported from Mowing Map 2025 (PDF). Line the overlay up in Edit mode and re-import to place these exactly, then verify edges."
   }
  },
  {
   "type": "Feature",
   "geometry": {
    "type": "Polygon",
    "coordinates": [
     [
      [
       -97.0715436,
       47.9288016
      ],
      [
       -97.0715436,
       47.9283149
      ],
      [
       -97.0716323,
       47.9283074
      ],
      [
       -97.0716545,
       47.92824
      ],
      [
       -97.0727201,
       47.92824
      ],
      [
       -97.0727312,
       47.928285
      ],
      [
       -97.0727534,
       47.928285
      ],
      [
       -97.0727867,
       47.9282625
      ],
      [
       -97.0727867,
       47.9282176
      ],
      [
       -97.0715436,
       47.9282176
      ],
      [
       -97.0714992,
       47.9280753
      ],
      [
       -97.0714659,
       47.9280603
      ],
      [
       -97.0713882,
       47.9280678
      ],
      [
       -97.0713771,
       47.9288016
      ],
      [
       -97.0715436,
       47.9288016
      ]
     ]
    ]
   },
   "properties": {
    "id": "MOW-091",
    "name": "UND Green Space 92",
    "category": "UND Green Space",
    "acres": "",
    "drawn_acres": 0.31,
    "crew": "",
    "frequency": "weekly",
    "mower": "",
    "ownership": "UND",
    "site": "main",
    "needs_tracing": true,
    "notes": "Imported from Mowing Map 2025 (PDF). Line the overlay up in Edit mode and re-import to place these exactly, then verify edges."
   }
  },
  {
   "type": "Feature",
   "geometry": {
    "type": "Polygon",
    "coordinates": [
     [
      [
       -97.0720763,
       47.9293108
      ],
      [
       -97.0716656,
       47.9293183
      ],
      [
       -97.0716434,
       47.9293034
      ],
      [
       -97.0716434,
       47.9292509
      ],
      [
       -97.0715436,
       47.929236
      ],
      [
       -97.0715436,
       47.9288466
      ],
      [
       -97.0713771,
       47.9288466
      ],
      [
       -97.0713549,
       47.9294831
      ],
      [
       -97.0713549,
       47.9295355
      ],
      [
       -97.0713771,
       47.9295505
      ],
      [
       -97.0716878,
       47.9295505
      ],
      [
       -97.0718321,
       47.929528
      ],
      [
       -97.0719542,
       47.9294307
      ],
      [
       -97.0719875,
       47.9294307
      ],
      [
       -97.0719986,
       47.9293932
      ],
      [
       -97.0720541,
       47.9293782
      ],
      [
       -97.0720763,
       47.9293108
      ]
     ]
    ]
   },
   "properties": {
    "id": "MOW-092",
    "name": "UND Green Space 94",
    "category": "UND Green Space",
    "acres": "",
    "drawn_acres": 0.47,
    "crew": "",
    "frequency": "weekly",
    "mower": "",
    "ownership": "UND",
    "site": "main",
    "needs_tracing": true,
    "notes": "Imported from Mowing Map 2025 (PDF). Line the overlay up in Edit mode and re-import to place these exactly, then verify edges."
   }
  },
  {
   "type": "Feature",
   "geometry": {
    "type": "Polygon",
    "coordinates": [
     [
      [
       -97.0644288,
       47.9303367
      ],
      [
       -97.0644288,
       47.9300896
      ],
      [
       -97.0644954,
       47.9300821
      ],
      [
       -97.0644954,
       47.9300522
      ],
      [
       -97.0644399,
       47.9299848
      ],
      [
       -97.0643844,
       47.92985
      ],
      [
       -97.0643955,
       47.9296253
      ],
      [
       -97.064451,
       47.929513
      ],
      [
       -97.0645509,
       47.9293932
      ],
      [
       -97.0645842,
       47.9292584
      ],
      [
       -97.0646064,
       47.9292434
      ],
      [
       -97.0647729,
       47.929236
      ],
      [
       -97.064784,
       47.929206
      ],
      [
       -97.0647063,
       47.929206
      ],
      [
       -97.0646952,
       47.9291761
      ],
      [
       -97.0640292,
       47.9291686
      ],
      [
       -97.0640514,
       47.9303367
      ],
      [
       -97.0644288,
       47.9303367
      ]
     ]
    ]
   },
   "properties": {
    "id": "MOW-093",
    "name": "UND Green Space 95",
    "category": "UND Green Space",
    "acres": "",
    "drawn_acres": 1.02,
    "crew": "",
    "frequency": "weekly",
    "mower": "",
    "ownership": "UND",
    "site": "main",
    "needs_tracing": true,
    "notes": "Imported from Mowing Map 2025 (PDF). Line the overlay up in Edit mode and re-import to place these exactly, then verify edges."
   }
  },
  {
   "type": "Feature",
   "geometry": {
    "type": "Polygon",
    "coordinates": [
     [
      [
       -97.0681471,
       47.9321713
      ],
      [
       -97.0681582,
       47.9321564
      ],
      [
       -97.0683469,
       47.9321564
      ],
      [
       -97.068358,
       47.932059
      ],
      [
       -97.0684579,
       47.9317819
      ],
      [
       -97.0686244,
       47.9315049
      ],
      [
       -97.0687909,
       47.9313102
      ],
      [
       -97.0690906,
       47.9310556
      ],
      [
       -97.0694236,
       47.9308459
      ],
      [
       -97.0697121,
       47.9307111
      ],
      [
       -97.0701894,
       47.9305539
      ],
      [
       -97.0704336,
       47.9305015
      ],
      [
       -97.0707333,
       47.9303891
      ],
      [
       -97.0708776,
       47.9303068
      ],
      [
       -97.0708776,
       47.9302768
      ],
      [
       -97.0708221,
       47.9302319
      ],
      [
       -97.0707888,
       47.9302319
      ],
      [
       -97.0706112,
       47.9303292
      ],
      [
       -97.0705446,
       47.9303367
      ],
      [
       -97.0705224,
       47.9303667
      ],
      [
       -97.0704447,
       47.9303742
      ],
      [
       -97.0704336,
       47.9303966
      ],
      [
       -97.0703226,
       47.9304341
      ],
      [
       -97.0701783,
       47.930449
      ],
      [
       -97.0701672,
       47.9304715
      ],
      [
       -97.0700562,
       47.930479
      ],
      [
       -97.0700451,
       47.930494
      ],
      [
       -97.0698675,
       47.930494
      ],
      [
       -97.0698453,
       47.9305164
      ],
      [
       -97.0681693,
       47.930509
      ],
      [
       -97.0680805,
       47.9305239
      ],
      [
       -97.0680805,
       47.9313476
      ],
      [
       -97.0681138,
       47.9313551
      ],
      [
       -97.0680916,
       47.9321638
      ],
      [
       -97.0681471,
       47.9321713
      ]
     ]
    ]
   },
   "properties": {
    "id": "MOW-094",
    "name": "UND Green Space 96",
    "category": "UND Green Space",
    "acres": "",
    "drawn_acres": 3.03,
    "crew": "",
    "frequency": "weekly",
    "mower": "",
    "ownership": "UND",
    "site": "main",
    "needs_tracing": true,
    "notes": "Imported from Mowing Map 2025 (PDF). Line the overlay up in Edit mode and re-import to place these exactly, then verify edges."
   }
  },
  {
   "type": "Feature",
   "geometry": {
    "type": "Polygon",
    "coordinates": [
     [
      [
       -97.0667597,
       47.9322762
      ],
      [
       -97.0673812,
       47.9322088
      ],
      [
       -97.0678141,
       47.9322238
      ],
      [
       -97.0678252,
       47.9322013
      ],
      [
       -97.067914,
       47.9321863
      ],
      [
       -97.0679029,
       47.9313926
      ],
      [
       -97.0677919,
       47.9313926
      ],
      [
       -97.0677919,
       47.9321264
      ],
      [
       -97.0677697,
       47.9321638
      ],
      [
       -97.0667264,
       47.9321638
      ],
      [
       -97.0667042,
       47.9320815
      ],
      [
       -97.0667153,
       47.9313102
      ],
      [
       -97.0665821,
       47.9313102
      ],
      [
       -97.0665932,
       47.9322387
      ],
      [
       -97.0666265,
       47.9322762
      ],
      [
       -97.0667597,
       47.9322762
      ]
     ]
    ]
   },
   "properties": {
    "id": "MOW-095",
    "name": "UND Green Space 97",
    "category": "UND Green Space",
    "acres": "",
    "drawn_acres": 0.59,
    "crew": "",
    "frequency": "weekly",
    "mower": "",
    "ownership": "UND",
    "site": "main",
    "needs_tracing": true,
    "notes": "Imported from Mowing Map 2025 (PDF). Line the overlay up in Edit mode and re-import to place these exactly, then verify edges."
   }
  },
  {
   "type": "Feature",
   "geometry": {
    "type": "Polygon",
    "coordinates": [
     [
      [
       -97.0640181,
       47.9322837
      ],
      [
       -97.0651058,
       47.9322762
      ],
      [
       -97.065128,
       47.9322612
      ],
      [
       -97.065128,
       47.9313776
      ],
      [
       -97.0639737,
       47.9313776
      ],
      [
       -97.0639737,
       47.9315798
      ],
      [
       -97.0639959,
       47.9315873
      ],
      [
       -97.064007,
       47.9316696
      ],
      [
       -97.0639848,
       47.9319991
      ],
      [
       -97.064007,
       47.9320066
      ],
      [
       -97.0640181,
       47.9322837
      ]
     ]
    ]
   },
   "properties": {
    "id": "MOW-096",
    "name": "UND Green Space 98",
    "category": "UND Green Space",
    "acres": "",
    "drawn_acres": 2.09,
    "crew": "",
    "frequency": "weekly",
    "mower": "",
    "ownership": "UND",
    "site": "main",
    "needs_tracing": true,
    "notes": "Imported from Mowing Map 2025 (PDF). Line the overlay up in Edit mode and re-import to place these exactly, then verify edges."
   }
  },
  {
   "type": "Feature",
   "geometry": {
    "type": "Polygon",
    "coordinates": [
     [
      [
       -97.0648839,
       47.9325158
      ],
      [
       -97.064895,
       47.9324709
      ],
      [
       -97.0650947,
       47.9324634
      ],
      [
       -97.0662713,
       47.9324634
      ],
      [
       -97.0662824,
       47.9324783
      ],
      [
       -97.066349,
       47.9324783
      ],
      [
       -97.066349,
       47.9324334
      ],
      [
       -97.0664156,
       47.9324259
      ],
      [
       -97.0664156,
       47.932396
      ],
      [
       -97.0648173,
       47.932396
      ],
      [
       -97.064784,
       47.932411
      ],
      [
       -97.064784,
       47.9325158
      ],
      [
       -97.0648839,
       47.9325158
      ]
     ]
    ]
   },
   "properties": {
    "id": "MOW-097",
    "name": "UND Green Space 99",
    "category": "UND Green Space",
    "acres": "",
    "drawn_acres": 0.24,
    "crew": "",
    "frequency": "weekly",
    "mower": "",
    "ownership": "UND",
    "site": "main",
    "needs_tracing": true,
    "notes": "Imported from Mowing Map 2025 (PDF). Line the overlay up in Edit mode and re-import to place these exactly, then verify edges."
   }
  },
  {
   "type": "Feature",
   "geometry": {
    "type": "Polygon",
    "coordinates": [
     [
      [
       -97.0642623,
       47.9330325
      ],
      [
       -97.0642734,
       47.9330175
      ],
      [
       -97.0645176,
       47.9330175
      ],
      [
       -97.0645176,
       47.9329651
      ],
      [
       -97.0644399,
       47.9329651
      ],
      [
       -97.0644288,
       47.9329426
      ],
      [
       -97.0643622,
       47.9329351
      ],
      [
       -97.0643622,
       47.9325233
      ],
      [
       -97.064451,
       47.9325158
      ],
      [
       -97.0644621,
       47.9324709
      ],
      [
       -97.0646397,
       47.9324783
      ],
      [
       -97.0646397,
       47.9324559
      ],
      [
       -97.0643289,
       47.9324559
      ],
      [
       -97.0643178,
       47.9324035
      ],
      [
       -97.0640181,
       47.9324035
      ],
      [
       -97.0640181,
       47.9326281
      ],
      [
       -97.0639515,
       47.9326356
      ],
      [
       -97.0639293,
       47.93301
      ],
      [
       -97.0639515,
       47.9330325
      ],
      [
       -97.064007,
       47.9330325
      ],
      [
       -97.0640181,
       47.9330175
      ],
      [
       -97.0642623,
       47.9330325
      ]
     ]
    ]
   },
   "properties": {
    "id": "MOW-098",
    "name": "UND Green Space 100",
    "category": "UND Green Space",
    "acres": "",
    "drawn_acres": 0.54,
    "crew": "",
    "frequency": "weekly",
    "mower": "",
    "ownership": "UND",
    "site": "main",
    "needs_tracing": true,
    "notes": "Imported from Mowing Map 2025 (PDF). Line the overlay up in Edit mode and re-import to place these exactly, then verify edges."
   }
  },
  {
   "type": "Feature",
   "geometry": {
    "type": "Polygon",
    "coordinates": [
     [
      [
       -97.070256,
       47.9334144
      ],
      [
       -97.0702338,
       47.9330774
      ],
      [
       -97.0702671,
       47.932995
      ],
      [
       -97.0702782,
       47.9327329
      ],
      [
       -97.0703337,
       47.9325832
      ],
      [
       -97.0704003,
       47.9325158
      ],
      [
       -97.0705557,
       47.9324184
      ],
      [
       -97.0709775,
       47.9322687
      ],
      [
       -97.0712439,
       47.9322312
      ],
      [
       -97.071588,
       47.9322462
      ],
      [
       -97.0718432,
       47.9323061
      ],
      [
       -97.0723649,
       47.9325158
      ],
      [
       -97.0726091,
       47.9325907
      ],
      [
       -97.0728311,
       47.9326281
      ],
      [
       -97.0734749,
       47.9326805
      ],
      [
       -97.0737857,
       47.9326581
      ],
      [
       -97.0738744,
       47.9326206
      ],
      [
       -97.0742407,
       47.932381
      ],
      [
       -97.0743073,
       47.9323136
      ],
      [
       -97.0743073,
       47.9322762
      ],
      [
       -97.074274,
       47.9322312
      ],
      [
       -97.0742296,
       47.9322163
      ],
      [
       -97.0741408,
       47.9322088
      ],
      [
       -97.0740964,
       47.9322312
      ],
      [
       -97.0739632,
       47.932351
      ],
      [
       -97.0739743,
       47.9324334
      ],
      [
       -97.0739521,
       47.9324933
      ],
      [
       -97.0737413,
       47.9325682
      ],
      [
       -97.0736414,
       47.9325832
      ],
      [
       -97.07282,
       47.9325682
      ],
      [
       -97.0724759,
       47.9325233
      ],
      [
       -97.0723094,
       47.9324484
      ],
      [
       -97.0722095,
       47.9323885
      ],
      [
       -97.0722206,
       47.9322986
      ],
      [
       -97.0721873,
       47.9322687
      ],
      [
       -97.0720319,
       47.9322088
      ],
      [
       -97.071932,
       47.9321339
      ],
      [
       -97.0714326,
       47.9318868
      ],
      [
       -97.0712217,
       47.9318419
      ],
      [
       -97.0710663,
       47.9318419
      ],
      [
       -97.0709331,
       47.9318643
      ],
      [
       -97.0707999,
       47.9319092
      ],
      [
       -97.0706556,
       47.9319916
      ],
      [
       -97.0705446,
       47.9321189
      ],
      [
       -97.0705113,
       47.9323061
      ],
      [
       -97.0704669,
       47.9323885
      ],
      [
       -97.0702005,
       47.9325757
      ],
      [
       -97.0700673,
       47.9330325
      ],
      [
       -97.0702338,
       47.9334144
      ],
      [
       -97.070256,
       47.9334144
      ]
     ]
    ]
   },
   "properties": {
    "id": "MOW-099",
    "name": "UND Green Space 101",
    "category": "UND Green Space",
    "acres": "",
    "drawn_acres": 1.76,
    "crew": "",
    "frequency": "weekly",
    "mower": "",
    "ownership": "UND",
    "site": "main",
    "needs_tracing": true,
    "notes": "Imported from Mowing Map 2025 (PDF). Line the overlay up in Edit mode and re-import to place these exactly, then verify edges."
   }
  },
  {
   "type": "Feature",
   "geometry": {
    "type": "Polygon",
    "coordinates": [
     [
      [
       -97.0683025,
       47.9334368
      ],
      [
       -97.0683469,
       47.9334069
      ],
      [
       -97.068358,
       47.9332496
      ],
      [
       -97.0690018,
       47.9332421
      ],
      [
       -97.0690129,
       47.9332796
      ],
      [
       -97.0690684,
       47.9332646
      ],
      [
       -97.0691572,
       47.9332796
      ],
      [
       -97.0691572,
       47.9333694
      ],
      [
       -97.0692016,
       47.9333919
      ],
      [
       -97.0692127,
       47.9331523
      ],
      [
       -97.0687132,
       47.9331523
      ],
      [
       -97.0685467,
       47.9328528
      ],
      [
       -97.0684801,
       47.9328528
      ],
      [
       -97.0684468,
       47.9328303
      ],
      [
       -97.0684468,
       47.9325457
      ],
      [
       -97.068469,
       47.9325233
      ],
      [
       -97.0686022,
       47.9325233
      ],
      [
       -97.0688797,
       47.9325607
      ],
      [
       -97.0689352,
       47.9325832
      ],
      [
       -97.0691017,
       47.9329052
      ],
      [
       -97.0691239,
       47.9329052
      ],
      [
       -97.0691905,
       47.9326506
      ],
      [
       -97.0691905,
       47.9325532
      ],
      [
       -97.0687243,
       47.9325008
      ],
      [
       -97.068469,
       47.9324933
      ],
      [
       -97.0684579,
       47.9324559
      ],
      [
       -97.0688131,
       47.9324634
      ],
      [
       -97.0692349,
       47.9325158
      ],
      [
       -97.069357,
       47.9322986
      ],
      [
       -97.0688353,
       47.9322612
      ],
      [
       -97.0687687,
       47.9322986
      ],
      [
       -97.0686022,
       47.9323436
      ],
      [
       -97.0681249,
       47.9323436
      ],
      [
       -97.0681471,
       47.932366
      ],
      [
       -97.0681471,
       47.932396
      ],
      [
       -97.0681138,
       47.9324035
      ],
      [
       -97.0681249,
       47.9334144
      ],
      [
       -97.0681582,
       47.9334368
      ],
      [
       -97.0683025,
       47.9334368
      ]
     ]
    ]
   },
   "properties": {
    "id": "MOW-100",
    "name": "UND Green Space 102",
    "category": "UND Green Space",
    "acres": "",
    "drawn_acres": 1.44,
    "crew": "",
    "frequency": "weekly",
    "mower": "",
    "ownership": "UND",
    "site": "main",
    "needs_tracing": true,
    "notes": "Imported from Mowing Map 2025 (PDF). Line the overlay up in Edit mode and re-import to place these exactly, then verify edges."
   }
  },
  {
   "type": "Feature",
   "geometry": {
    "type": "Polygon",
    "coordinates": [
     [
      [
       -97.0666709,
       47.9335566
      ],
      [
       -97.066682,
       47.9329726
      ],
      [
       -97.0679029,
       47.9329651
      ],
      [
       -97.067914,
       47.9324035
      ],
      [
       -97.0674034,
       47.9323885
      ],
      [
       -97.0674145,
       47.932351
      ],
      [
       -97.0678807,
       47.9323585
      ],
      [
       -97.0678807,
       47.9323361
      ],
      [
       -97.0673923,
       47.9323286
      ],
      [
       -97.0672037,
       47.9323436
      ],
      [
       -97.0672037,
       47.9323585
      ],
      [
       -97.0672702,
       47.932366
      ],
      [
       -97.0672591,
       47.9324035
      ],
      [
       -97.0671815,
       47.9324035
      ],
      [
       -97.0671704,
       47.932351
      ],
      [
       -97.0671038,
       47.932351
      ],
      [
       -97.0670594,
       47.9323585
      ],
      [
       -97.0670705,
       47.932411
      ],
      [
       -97.0669928,
       47.9324259
      ],
      [
       -97.0669262,
       47.9324184
      ],
      [
       -97.0669262,
       47.9323735
      ],
      [
       -97.066682,
       47.932396
      ],
      [
       -97.066682,
       47.932411
      ],
      [
       -97.0667708,
       47.932411
      ],
      [
       -97.0667819,
       47.9324559
      ],
      [
       -97.0676476,
       47.9324484
      ],
      [
       -97.0676587,
       47.9325083
      ],
      [
       -97.0677586,
       47.9325158
      ],
      [
       -97.0677586,
       47.9327404
      ],
      [
       -97.0676698,
       47.9327554
      ],
      [
       -97.0676587,
       47.9328153
      ],
      [
       -97.0669373,
       47.9328153
      ],
      [
       -97.0669373,
       47.9329202
      ],
      [
       -97.066904,
       47.9329351
      ],
      [
       -97.0666376,
       47.9329351
      ],
      [
       -97.0666265,
       47.9329052
      ],
      [
       -97.066571,
       47.9328977
      ],
      [
       -97.066571,
       47.9328078
      ],
      [
       -97.0666376,
       47.9328003
      ],
      [
       -97.0666376,
       47.9327779
      ],
      [
       -97.066571,
       47.9327779
      ],
      [
       -97.0665488,
       47.9328003
      ],
      [
       -97.0665488,
       47.9331523
      ],
      [
       -97.0666487,
       47.9331598
      ],
      [
       -97.0666487,
       47.9335566
      ],
      [
       -97.0666709,
       47.9335566
      ]
     ]
    ]
   },
   "properties": {
    "id": "MOW-101",
    "name": "UND Green Space 103",
    "category": "UND Green Space",
    "acres": "",
    "drawn_acres": 0.74,
    "crew": "",
    "frequency": "weekly",
    "mower": "",
    "ownership": "UND",
    "site": "main",
    "needs_tracing": true,
    "notes": "Imported from Mowing Map 2025 (PDF). Line the overlay up in Edit mode and re-import to place these exactly, then verify edges."
   }
  },
  {
   "type": "Feature",
   "geometry": {
    "type": "Polygon",
    "coordinates": [
     [
      [
       -97.068913,
       47.9337588
      ],
      [
       -97.0690351,
       47.9337439
      ],
      [
       -97.0690795,
       47.9336914
      ],
      [
       -97.0690684,
       47.9334069
      ],
      [
       -97.0689907,
       47.9333919
      ],
      [
       -97.0689796,
       47.9334443
      ],
      [
       -97.0685023,
       47.9334443
      ],
      [
       -97.0684912,
       47.9334069
      ],
      [
       -97.0684579,
       47.9334069
      ],
      [
       -97.0684579,
       47.9335267
      ],
      [
       -97.0685689,
       47.9335267
      ],
      [
       -97.0685689,
       47.9335042
      ],
      [
       -97.0686022,
       47.9334893
      ],
      [
       -97.0688908,
       47.9334893
      ],
      [
       -97.068913,
       47.9335042
      ],
      [
       -97.068913,
       47.9337588
      ]
     ]
    ]
   },
   "properties": {
    "id": "MOW-102",
    "name": "UND Green Space 104",
    "category": "UND Green Space",
    "acres": "",
    "drawn_acres": 0.16,
    "crew": "",
    "frequency": "weekly",
    "mower": "",
    "ownership": "UND",
    "site": "main",
    "needs_tracing": true,
    "notes": "Imported from Mowing Map 2025 (PDF). Line the overlay up in Edit mode and re-import to place these exactly, then verify edges."
   }
  },
  {
   "type": "Feature",
   "geometry": {
    "type": "Polygon",
    "coordinates": [
     [
      [
       -97.0691239,
       47.9339985
      ],
      [
       -97.0691905,
       47.9339535
      ],
      [
       -97.0692016,
       47.9337813
      ],
      [
       -97.0691794,
       47.9337813
      ],
      [
       -97.069135,
       47.9338637
      ],
      [
       -97.0690129,
       47.9339236
      ],
      [
       -97.0686577,
       47.9339311
      ],
      [
       -97.0685467,
       47.9339161
      ],
      [
       -97.068358,
       47.9338112
      ],
      [
       -97.0682692,
       47.9337963
      ],
      [
       -97.0682692,
       47.9335791
      ],
      [
       -97.0683136,
       47.9335716
      ],
      [
       -97.0683247,
       47.9335342
      ],
      [
       -97.068247,
       47.9335192
      ],
      [
       -97.068136,
       47.9335417
      ],
      [
       -97.068136,
       47.933961
      ],
      [
       -97.0683025,
       47.9339535
      ],
      [
       -97.0684024,
       47.9339835
      ],
      [
       -97.0685134,
       47.933976
      ],
      [
       -97.0685245,
       47.933991
      ],
      [
       -97.0686577,
       47.9339985
      ],
      [
       -97.0691239,
       47.9339985
      ]
     ]
    ]
   },
   "properties": {
    "id": "MOW-103",
    "name": "UND Green Space 105",
    "category": "UND Green Space",
    "acres": "",
    "drawn_acres": 0.31,
    "crew": "",
    "frequency": "weekly",
    "mower": "",
    "ownership": "UND",
    "site": "main",
    "needs_tracing": true,
    "notes": "Imported from Mowing Map 2025 (PDF). Line the overlay up in Edit mode and re-import to place these exactly, then verify edges."
   }
  },
  {
   "type": "Feature",
   "geometry": {
    "type": "Polygon",
    "coordinates": [
     [
      [
       -97.0639404,
       47.9342006
      ],
      [
       -97.0639404,
       47.9341332
      ],
      [
       -97.0639626,
       47.9341183
      ],
      [
       -97.0640847,
       47.9341332
      ],
      [
       -97.064673,
       47.9340883
      ],
      [
       -97.0653389,
       47.9340733
      ],
      [
       -97.06535,
       47.9340584
      ],
      [
       -97.0657163,
       47.9340658
      ],
      [
       -97.0660493,
       47.9340434
      ],
      [
       -97.0662935,
       47.9340059
      ],
      [
       -97.0664489,
       47.9340059
      ],
      [
       -97.0664489,
       47.933624
      ],
      [
       -97.0663934,
       47.9335791
      ],
      [
       -97.0660604,
       47.9335791
      ],
      [
       -97.0660382,
       47.9334893
      ],
      [
       -97.0657385,
       47.9334893
      ],
      [
       -97.0657385,
       47.9335716
      ],
      [
       -97.0657052,
       47.9335791
      ],
      [
       -97.0657052,
       47.933654
      ],
      [
       -97.0657385,
       47.9336615
      ],
      [
       -97.0657385,
       47.9338187
      ],
      [
       -97.0656941,
       47.9338337
      ],
      [
       -97.0650615,
       47.9338337
      ],
      [
       -97.0650504,
       47.9337214
      ],
      [
       -97.0643955,
       47.9337289
      ],
      [
       -97.0643733,
       47.9337139
      ],
      [
       -97.0643622,
       47.9335492
      ],
      [
       -97.0643733,
       47.9332646
      ],
      [
       -97.0647285,
       47.9332571
      ],
      [
       -97.0647174,
       47.9330774
      ],
      [
       -97.0639626,
       47.9330774
      ],
      [
       -97.0639626,
       47.9333545
      ],
      [
       -97.0639404,
       47.933362
      ],
      [
       -97.0639404,
       47.9334443
      ],
      [
       -97.0639626,
       47.9334518
      ],
      [
       -97.0639626,
       47.9336091
      ],
      [
       -97.0639404,
       47.9336166
      ],
      [
       -97.0639626,
       47.9339311
      ],
      [
       -97.0639293,
       47.9339385
      ],
      [
       -97.0639515,
       47.9340883
      ],
      [
       -97.0639182,
       47.9340958
      ],
      [
       -97.0639182,
       47.9342006
      ],
      [
       -97.0639404,
       47.9342006
      ]
     ]
    ]
   },
   "properties": {
    "id": "MOW-104",
    "name": "UND Green Space 106",
    "category": "UND Green Space",
    "acres": "",
    "drawn_acres": 2.6,
    "crew": "",
    "frequency": "weekly",
    "mower": "",
    "ownership": "UND",
    "site": "main",
    "needs_tracing": true,
    "notes": "Imported from Mowing Map 2025 (PDF). Line the overlay up in Edit mode and re-import to place these exactly, then verify edges."
   }
  },
  {
   "type": "Feature",
   "geometry": {
    "type": "Polygon",
    "coordinates": [
     [
      [
       -97.085873,
       47.9189921
      ],
      [
       -97.0858619,
       47.9172399
      ],
      [
       -97.0858286,
       47.9169179
      ],
      [
       -97.0858286,
       47.9168879
      ],
      [
       -97.085873,
       47.9168804
      ],
      [
       -97.085873,
       47.916843
      ],
      [
       -97.0858286,
       47.9168355
      ],
      [
       -97.0858286,
       47.9167456
      ],
      [
       -97.0858619,
       47.9167382
      ],
      [
       -97.0858619,
       47.9167007
      ],
      [
       -97.0858286,
       47.9166932
      ],
      [
       -97.0858175,
       47.9165884
      ],
      [
       -97.085762,
       47.9156449
      ],
      [
       -97.0749511,
       47.9156524
      ],
      [
       -97.0749511,
       47.915892
      ],
      [
       -97.0749289,
       47.9158995
      ],
      [
       -97.0749178,
       47.9159519
      ],
      [
       -97.0749178,
       47.9160268
      ],
      [
       -97.0749511,
       47.9160343
      ],
      [
       -97.07494,
       47.9170527
      ],
      [
       -97.0750288,
       47.9170826
      ],
      [
       -97.075051,
       47.9171201
      ],
      [
       -97.0751065,
       47.9171275
      ],
      [
       -97.0751509,
       47.91718
      ],
      [
       -97.0752286,
       47.9172099
      ],
      [
       -97.0752397,
       47.9172324
      ],
      [
       -97.0753174,
       47.9172324
      ],
      [
       -97.0753285,
       47.9172474
      ],
      [
       -97.0754839,
       47.9172399
      ],
      [
       -97.0755505,
       47.9172623
      ],
      [
       -97.0755505,
       47.9172998
      ],
      [
       -97.0752286,
       47.9172998
      ],
      [
       -97.0752175,
       47.917502
      ],
      [
       -97.0751842,
       47.9175394
      ],
      [
       -97.075051,
       47.9175319
      ],
      [
       -97.075051,
       47.9173297
      ],
      [
       -97.0750288,
       47.9173297
      ],
      [
       -97.0750288,
       47.917457
      ],
      [
       -97.0749289,
       47.9174645
      ],
      [
       -97.0749289,
       47.9180636
      ],
      [
       -97.0749622,
       47.9180411
      ],
      [
       -97.0755838,
       47.9180636
      ],
      [
       -97.0755838,
       47.9181459
      ],
      [
       -97.0755505,
       47.9181534
      ],
      [
       -97.0755727,
       47.9182133
      ],
      [
       -97.0755394,
       47.9184604
      ],
      [
       -97.0755061,
       47.9184679
      ],
      [
       -97.0755172,
       47.9185952
      ],
      [
       -97.0763718,
       47.9186252
      ],
      [
       -97.0763718,
       47.91873
      ],
      [
       -97.0766937,
       47.9187375
      ],
      [
       -97.0767492,
       47.91876
      ],
      [
       -97.0768935,
       47.91876
      ],
      [
       -97.0769046,
       47.9187076
      ],
      [
       -97.0770267,
       47.9187076
      ],
      [
       -97.080179,
       47.9189022
      ],
      [
       -97.085873,
       47.9189921
      ]
     ],
     [
      [
       -97.0760499,
       47.9180636
      ],
      [
       -97.075828,
       47.9180711
      ],
      [
       -97.0758169,
       47.9180336
      ],
      [
       -97.0758613,
       47.9180261
      ],
      [
       -97.075939,
       47.9179737
      ],
      [
       -97.0759723,
       47.9179213
      ],
      [
       -97.0760277,
       47.9179288
      ],
      [
       -97.0760055,
       47.9179887
      ],
      [
       -97.0760277,
       47.9180112
      ],
      [
       -97.0760721,
       47.9180112
      ],
      [
       -97.0760721,
       47.9177416
      ],
      [
       -97.0760277,
       47.9177341
      ],
      [
       -97.0760277,
       47.9176966
      ],
      [
       -97.0760832,
       47.9176892
      ],
      [
       -97.0760943,
       47.9177491
      ],
      [
       -97.0761165,
       47.9177491
      ],
      [
       -97.0761387,
       47.9176667
      ],
      [
       -97.0763274,
       47.9176667
      ],
      [
       -97.0763496,
       47.9177191
      ],
      [
       -97.0762719,
       47.9177266
      ],
      [
       -97.0762386,
       47.9177566
      ],
      [
       -97.0763163,
       47.917764
      ],
      [
       -97.0763052,
       47.9178314
      ],
      [
       -97.0763385,
       47.9178464
      ],
      [
       -97.0763385,
       47.9178988
      ],
      [
       -97.076283,
       47.9179438
      ],
      [
       -97.0763385,
       47.9179438
      ],
      [
       -97.0763496,
       47.9179887
      ],
      [
       -97.0762941,
       47.9179962
      ],
      [
       -97.076283,
       47.9180336
      ],
      [
       -97.0760721,
       47.9180261
      ],
      [
       -97.0760499,
       47.9180636
      ]
     ],
     [
      [
       -97.077282,
       47.9186177
      ],
      [
       -97.0771932,
       47.9186102
      ],
      [
       -97.0771044,
       47.9185353
      ],
      [
       -97.0770489,
       47.9185278
      ],
      [
       -97.07706,
       47.9184604
      ],
      [
       -97.0771599,
       47.9184005
      ],
      [
       -97.077282,
       47.918408
      ],
      [
       -97.0773375,
       47.9184604
      ],
      [
       -97.0773819,
       47.9184604
      ],
      [
       -97.077393,
       47.9184829
      ],
      [
       -97.0774263,
       47.9184829
      ],
      [
       -97.077504,
       47.9185353
      ],
      [
       -97.0777926,
       47.9184979
      ],
      [
       -97.0778148,
       47.9184679
      ],
      [
       -97.0779036,
       47.918438
      ],
      [
       -97.0781145,
       47.9184679
      ],
      [
       -97.0781145,
       47.9185353
      ],
      [
       -97.0780479,
       47.9185653
      ],
      [
       -97.0779036,
       47.9185578
      ],
      [
       -97.077615,
       47.9186027
      ],
      [
       -97.0773042,
       47.9186027
      ],
      [
       -97.077282,
       47.9186177
      ]
     ],
     [
      [
       -97.0812223,
       47.9186102
      ],
      [
       -97.0803011,
       47.9186102
      ],
      [
       -97.0800569,
       47.9185877
      ],
      [
       -97.0799681,
       47.9185728
      ],
      [
       -97.0799237,
       47.9185428
      ],
      [
       -97.0798127,
       47.9185353
      ],
      [
       -97.0796573,
       47.9184979
      ],
      [
       -97.0796129,
       47.9184679
      ],
      [
       -97.0795463,
       47.9184679
      ],
      [
       -97.0793465,
       47.9184155
      ],
      [
       -97.0793354,
       47.918393
      ],
      [
       -97.0792688,
       47.918393
      ],
      [
       -97.0792577,
       47.9183706
      ],
      [
       -97.0791911,
       47.9183706
      ],
      [
       -97.0789136,
       47.9183032
      ],
      [
       -97.0787804,
       47.9182957
      ],
      [
       -97.0787693,
       47.9182583
      ],
      [
       -97.0789469,
       47.9182433
      ],
      [
       -97.078958,
       47.9182657
      ],
      [
       -97.0790468,
       47.9182508
      ],
      [
       -97.0790579,
       47.9182732
      ],
      [
       -97.0792133,
       47.9182807
      ],
      [
       -97.0792466,
       47.9183107
      ],
      [
       -97.0794353,
       47.9183331
      ],
      [
       -97.0796906,
       47.9184155
      ],
      [
       -97.0797239,
       47.9184455
      ],
      [
       -97.0798238,
       47.918453
      ],
      [
       -97.0798349,
       47.9184754
      ],
      [
       -97.0798904,
       47.9184904
      ],
      [
       -97.0800014,
       47.9184829
      ],
      [
       -97.0800791,
       47.9185054
      ],
      [
       -97.0803787,
       47.9185278
      ],
      [
       -97.0807783,
       47.9185278
      ],
      [
       -97.0808782,
       47.9185428
      ],
      [
       -97.0811779,
       47.9185278
      ],
      [
       -97.0812445,
       47.9185578
      ],
      [
       -97.0812223,
       47.9186102
      ]
     ],
     [
      [
       -97.0815775,
       47.9186102
      ],
      [
       -97.0813555,
       47.9186102
      ],
      [
       -97.0812556,
       47.9185503
      ],
      [
       -97.0812556,
       47.9185203
      ],
      [
       -97.0815664,
       47.9183631
      ],
      [
       -97.081633,
       47.9182583
      ],
      [
       -97.0817551,
       47.9181684
      ],
      [
       -97.081855,
       47.9181534
      ],
      [
       -97.0818661,
       47.918131
      ],
      [
       -97.0819882,
       47.9181085
      ],
      [
       -97.0819993,
       47.918086
      ],
      [
       -97.0820548,
       47.918086
      ],
      [
       -97.0820659,
       47.9180636
      ],
      [
       -97.0823545,
       47.9180636
      ],
      [
       -97.0823656,
       47.9180785
      ],
      [
       -97.0824655,
       47.9180785
      ],
      [
       -97.0824877,
       47.918101
      ],
      [
       -97.0828317,
       47.9181085
      ],
      [
       -97.0829871,
       47.9180711
      ],
      [
       -97.0829982,
       47.9180486
      ],
      [
       -97.0831203,
       47.9179887
      ],
      [
       -97.0831758,
       47.9179812
      ],
      [
       -97.0831758,
       47.9179587
      ],
      [
       -97.0832646,
       47.9179213
      ],
      [
       -97.0833201,
       47.9176742
      ],
      [
       -97.0832868,
       47.9176667
      ],
      [
       -97.0832202,
       47.9175993
      ],
      [
       -97.0832202,
       47.9175544
      ],
      [
       -97.083198,
       47.9175469
      ],
      [
       -97.0831536,
       47.9174346
      ],
      [
       -97.0831314,
       47.9174346
      ],
      [
       -97.0831092,
       47.917487
      ],
      [
       -97.0830537,
       47.9174795
      ],
      [
       -97.0830204,
       47.9173597
      ],
      [
       -97.0831536,
       47.9173522
      ],
      [
       -97.0832646,
       47.9173073
      ],
      [
       -97.0833312,
       47.9173073
      ],
      [
       -97.0833645,
       47.9173447
      ],
      [
       -97.0834311,
       47.9173522
      ],
      [
       -97.0834866,
       47.9173896
      ],
      [
       -97.0834866,
       47.9174645
      ],
      [
       -97.0835865,
       47.9175768
      ],
      [
       -97.0835976,
       47.9176966
      ],
      [
       -97.0836309,
       47.9177041
      ],
      [
       -97.0836309,
       47.9177491
      ],
      [
       -97.0836975,
       47.917794
      ],
      [
       -97.0836975,
       47.9178389
      ],
      [
       -97.0836753,
       47.9178464
      ],
      [
       -97.0836309,
       47.9179587
      ],
      [
       -97.0836309,
       47.9180486
      ],
      [
       -97.0835976,
       47.9180561
      ],
      [
       -97.0835754,
       47.9181085
      ],
      [
       -97.0834422,
       47.918131
      ],
      [
       -97.0833645,
       47.9182058
      ],
      [
       -97.0832535,
       47.9182583
      ],
      [
       -97.0832313,
       47.9183257
      ],
      [
       -97.0825432,
       47.9183331
      ],
      [
       -97.0823434,
       47.9182657
      ],
      [
       -97.0821547,
       47.9182657
      ],
      [
       -97.0818439,
       47.9184904
      ],
      [
       -97.0817884,
       47.9184979
      ],
      [
       -97.0816774,
       47.9185803
      ],
      [
       -97.0815775,
       47.9186102
      ]
     ],
     [
      [
       -97.0831314,
       47.9173372
      ],
      [
       -97.0830426,
       47.9173297
      ],
      [
       -97.0830426,
       47.9173073
      ],
      [
       -97.0830093,
       47.9172998
      ],
      [
       -97.082976,
       47.9172548
      ],
      [
       -97.082976,
       47.9172174
      ],
      [
       -97.0829427,
       47.9172099
      ],
      [
       -97.0829094,
       47.91715
      ],
      [
       -97.0828761,
       47.91715
      ],
      [
       -97.0828206,
       47.9170976
      ],
      [
       -97.0828317,
       47.9169403
      ],
      [
       -97.0828872,
       47.9169029
      ],
      [
       -97.0829316,
       47.9168355
      ],
      [
       -97.0830093,
       47.9168056
      ],
      [
       -97.0830315,
       47.9167681
      ],
      [
       -97.083309,
       47.9166633
      ],
      [
       -97.0834311,
       47.9166558
      ],
      [
       -97.0834422,
       47.9166333
      ],
      [
       -97.0836642,
       47.9166258
      ],
      [
       -97.0836753,
       47.9166034
      ],
      [
       -97.083753,
       47.9166034
      ],
      [
       -97.0839528,
       47.9165584
      ],
      [
       -97.0842969,
       47.9165285
      ],
      [
       -97.0843857,
       47.9164611
      ],
      [
       -97.084419,
       47.9164611
      ],
      [
       -97.0844523,
       47.9163787
      ],
      [
       -97.0845078,
       47.9163488
      ],
      [
       -97.0844856,
       47.9162439
      ],
      [
       -97.0845633,
       47.9160567
      ],
      [
       -97.0846188,
       47.9160642
      ],
      [
       -97.0846299,
       47.9163038
      ],
      [
       -97.0848629,
       47.9163488
      ],
      [
       -97.0849628,
       47.9163937
      ],
      [
       -97.0850072,
       47.9164386
      ],
      [
       -97.0850627,
       47.9164386
      ],
      [
       -97.0853846,
       47.916521
      ],
      [
       -97.0855289,
       47.9165809
      ],
      [
       -97.0855289,
       47.9166333
      ],
      [
       -97.0854956,
       47.9166708
      ],
      [
       -97.0852847,
       47.9166408
      ],
      [
       -97.0852403,
       47.9166783
      ],
      [
       -97.0851071,
       47.9166857
      ],
      [
       -97.0850738,
       47.9167232
      ],
      [
       -97.0849406,
       47.9167756
      ],
      [
       -97.0848962,
       47.9167756
      ],
      [
       -97.0848629,
       47.9168056
      ],
      [
       -97.0847519,
       47.9168056
      ],
      [
       -97.0846965,
       47.9167756
      ],
      [
       -97.0845966,
       47.9167681
      ],
      [
       -97.0845855,
       47.9167456
      ],
      [
       -97.0844634,
       47.9167232
      ],
      [
       -97.0843635,
       47.9166633
      ],
      [
       -97.0842858,
       47.9166483
      ],
      [
       -97.0839639,
       47.9166708
      ],
      [
       -97.0839528,
       47.9166857
      ],
      [
       -97.0838196,
       47.9166932
      ],
      [
       -97.083753,
       47.9167157
      ],
      [
       -97.0836198,
       47.9167157
      ],
      [
       -97.0835976,
       47.9167382
      ],
      [
       -97.0832535,
       47.9168056
      ],
      [
       -97.0831425,
       47.916858
      ],
      [
       -97.0830981,
       47.916858
      ],
      [
       -97.0830759,
       47.9168954
      ],
      [
       -97.0830315,
       47.9169104
      ],
      [
       -97.0830204,
       47.9169478
      ],
      [
       -97.0830315,
       47.9170901
      ],
      [
       -97.0831536,
       47.9171949
      ],
      [
       -97.0832313,
       47.9172174
      ],
      [
       -97.0832313,
       47.9172548
      ],
      [
       -97.0831869,
       47.9172698
      ],
      [
       -97.0831869,
       47.9173073
      ],
      [
       -97.0831314,
       47.9173372
      ]
     ],
     [
      [
       -97.0858064,
       47.9174046
      ],
      [
       -97.0857509,
       47.9174121
      ],
      [
       -97.0857287,
       47.9173971
      ],
      [
       -97.0857287,
       47.9173747
      ],
      [
       -97.0856621,
       47.9173297
      ],
      [
       -97.0856399,
       47.9172623
      ],
      [
       -97.0855955,
       47.9172548
      ],
      [
       -97.0855844,
       47.9168954
      ],
      [
       -97.0855289,
       47.9168355
      ],
      [
       -97.0855511,
       47.9167906
      ],
      [
       -97.085651,
       47.9167831
      ],
      [
       -97.0856732,
       47.9167981
      ],
      [
       -97.085762,
       47.9172474
      ],
      [
       -97.0858064,
       47.9172623
      ],
      [
       -97.0858175,
       47.9172923
      ],
      [
       -97.0858064,
       47.9174046
      ]
     ]
    ]
   },
   "properties": {
    "id": "MOW-105",
    "name": "Golf Course 1",
    "category": "Golf Course",
    "acres": "",
    "drawn_acres": 70.64,
    "crew": "",
    "frequency": "course schedule",
    "mower": "",
    "ownership": "UND",
    "site": "main",
    "needs_tracing": true,
    "notes": "Imported from Mowing Map 2025 (PDF). Line the overlay up in Edit mode and re-import to place these exactly, then verify edges."
   }
  },
  {
   "type": "Feature",
   "geometry": {
    "type": "Polygon",
    "coordinates": [
     [
      [
       -97.0941088,
       47.9214333
      ],
      [
       -97.0941199,
       47.9214108
      ],
      [
       -97.0942531,
       47.9213958
      ],
      [
       -97.0943197,
       47.9213509
      ],
      [
       -97.0947859,
       47.9211861
      ],
      [
       -97.094797,
       47.9211487
      ],
      [
       -97.0942087,
       47.9211038
      ],
      [
       -97.0939756,
       47.9211188
      ],
      [
       -97.0938757,
       47.9211861
      ],
      [
       -97.0938535,
       47.9212985
      ],
      [
       -97.0939423,
       47.9213883
      ],
      [
       -97.0941088,
       47.9214333
      ]
     ]
    ]
   },
   "properties": {
    "id": "MOW-106",
    "name": "Foundation 1",
    "category": "Foundation",
    "acres": "",
    "drawn_acres": 0.39,
    "crew": "",
    "frequency": "weekly",
    "mower": "",
    "ownership": "UND",
    "site": "main",
    "needs_tracing": true,
    "notes": "Imported from Mowing Map 2025 (PDF). Line the overlay up in Edit mode and re-import to place these exactly, then verify edges."
   }
  },
  {
   "type": "Feature",
   "geometry": {
    "type": "Polygon",
    "coordinates": [
     [
      [
       -97.0965063,
       47.9216953
      ],
      [
       -97.0965063,
       47.9215081
      ],
      [
       -97.0964397,
       47.9214632
      ],
      [
       -97.0961955,
       47.9213509
      ],
      [
       -97.0959846,
       47.9212835
      ],
      [
       -97.0957848,
       47.9212386
      ],
      [
       -97.0956073,
       47.9212236
      ],
      [
       -97.095574,
       47.9213584
      ],
      [
       -97.0958625,
       47.9213958
      ],
      [
       -97.0960734,
       47.9214557
      ],
      [
       -97.0963287,
       47.9215755
      ],
      [
       -97.0965063,
       47.9216953
      ]
     ]
    ]
   },
   "properties": {
    "id": "MOW-107",
    "name": "Foundation 2",
    "category": "Foundation",
    "acres": "",
    "drawn_acres": 0.29,
    "crew": "",
    "frequency": "weekly",
    "mower": "",
    "ownership": "UND",
    "site": "main",
    "needs_tracing": true,
    "notes": "Imported from Mowing Map 2025 (PDF). Line the overlay up in Edit mode and re-import to place these exactly, then verify edges."
   }
  },
  {
   "type": "Feature",
   "geometry": {
    "type": "Polygon",
    "coordinates": [
     [
      [
       -97.085762,
       47.9217552
      ],
      [
       -97.0858175,
       47.9211637
      ],
      [
       -97.0859174,
       47.9204972
      ],
      [
       -97.0859507,
       47.9197634
      ],
      [
       -97.0852292,
       47.9196511
      ],
      [
       -97.0831758,
       47.9195537
      ],
      [
       -97.0832091,
       47.9195837
      ],
      [
       -97.0833867,
       47.9196286
      ],
      [
       -97.0837197,
       47.9197559
      ],
      [
       -97.0842969,
       47.9200554
      ],
      [
       -97.0846854,
       47.92031
      ],
      [
       -97.084985,
       47.9205422
      ],
      [
       -97.0851848,
       47.9207443
      ],
      [
       -97.0854401,
       47.9210888
      ],
      [
       -97.0855178,
       47.921306
      ],
      [
       -97.0855955,
       47.9217478
      ],
      [
       -97.085762,
       47.9217552
      ]
     ]
    ]
   },
   "properties": {
    "id": "MOW-108",
    "name": "Foundation 3",
    "category": "Foundation",
    "acres": "",
    "drawn_acres": 4.14,
    "crew": "",
    "frequency": "weekly",
    "mower": "",
    "ownership": "UND",
    "site": "main",
    "needs_tracing": true,
    "notes": "Imported from Mowing Map 2025 (PDF). Line the overlay up in Edit mode and re-import to place these exactly, then verify edges."
   }
  },
  {
   "type": "Feature",
   "geometry": {
    "type": "Polygon",
    "coordinates": [
     [
      [
       -97.0953853,
       47.9229608
      ],
      [
       -97.0953853,
       47.9223318
      ],
      [
       -97.0964064,
       47.9223244
      ],
      [
       -97.0964064,
       47.9220623
      ],
      [
       -97.0961622,
       47.9220623
      ],
      [
       -97.0961622,
       47.9220922
      ],
      [
       -97.0963731,
       47.9220997
      ],
      [
       -97.096362,
       47.9222944
      ],
      [
       -97.0957515,
       47.9222869
      ],
      [
       -97.0957515,
       47.9217103
      ],
      [
       -97.0957737,
       47.9216953
      ],
      [
       -97.0960179,
       47.9216953
      ],
      [
       -97.0960179,
       47.9216804
      ],
      [
       -97.0959624,
       47.9216429
      ],
      [
       -97.0958847,
       47.9216429
      ],
      [
       -97.0957404,
       47.9215905
      ],
      [
       -97.0954075,
       47.9215456
      ],
      [
       -97.0954519,
       47.921291
      ],
      [
       -97.0954408,
       47.9212161
      ],
      [
       -97.0952854,
       47.9212161
      ],
      [
       -97.0950412,
       47.9212461
      ],
      [
       -97.0947193,
       47.9213284
      ],
      [
       -97.094242,
       47.9215007
      ],
      [
       -97.094131,
       47.9215231
      ],
      [
       -97.0939756,
       47.9215156
      ],
      [
       -97.0938424,
       47.9214707
      ],
      [
       -97.0937092,
       47.9213509
      ],
      [
       -97.093687,
       47.9212236
      ],
      [
       -97.0937647,
       47.9210963
      ],
      [
       -97.0938979,
       47.9210214
      ],
      [
       -97.0940311,
       47.9209915
      ],
      [
       -97.0956295,
       47.9210963
      ],
      [
       -97.0959624,
       47.9211412
      ],
      [
       -97.0959624,
       47.9196735
      ],
      [
       -97.0924772,
       47.919666
      ],
      [
       -97.0924883,
       47.9220248
      ],
      [
       -97.0924661,
       47.9221297
      ],
      [
       -97.0923218,
       47.9221297
      ],
      [
       -97.0923218,
       47.9227437
      ],
      [
       -97.0941865,
       47.9227437
      ],
      [
       -97.0941976,
       47.9229608
      ],
      [
       -97.0953853,
       47.9229608
      ]
     ]
    ]
   },
   "properties": {
    "id": "MOW-109",
    "name": "Foundation 4",
    "category": "Foundation",
    "acres": "",
    "drawn_acres": 20.31,
    "crew": "",
    "frequency": "weekly",
    "mower": "",
    "ownership": "UND",
    "site": "main",
    "needs_tracing": true,
    "notes": "Imported from Mowing Map 2025 (PDF). Line the overlay up in Edit mode and re-import to place these exactly, then verify edges."
   }
  },
  {
   "type": "Feature",
   "geometry": {
    "type": "Polygon",
    "coordinates": [
     [
      [
       -97.082299,
       47.9268173
      ],
      [
       -97.0823212,
       47.9267274
      ],
      [
       -97.0822213,
       47.9267274
      ],
      [
       -97.0822102,
       47.92669
      ],
      [
       -97.0823212,
       47.9266825
      ],
      [
       -97.0823212,
       47.9265552
      ],
      [
       -97.0823434,
       47.9265402
      ],
      [
       -97.0824766,
       47.9265402
      ],
      [
       -97.0824877,
       47.9264878
      ],
      [
       -97.0827207,
       47.9264878
      ],
      [
       -97.0827651,
       47.9265028
      ],
      [
       -97.0827651,
       47.9265402
      ],
      [
       -97.0828539,
       47.9265402
      ],
      [
       -97.082865,
       47.9265177
      ],
      [
       -97.0828983,
       47.9265177
      ],
      [
       -97.0829094,
       47.9264878
      ],
      [
       -97.0832202,
       47.9264878
      ],
      [
       -97.0832313,
       47.9265103
      ],
      [
       -97.083309,
       47.9265028
      ],
      [
       -97.083309,
       47.9264429
      ],
      [
       -97.0832424,
       47.9264354
      ],
      [
       -97.0832091,
       47.9263904
      ],
      [
       -97.0832313,
       47.926353
      ],
      [
       -97.0832313,
       47.9261658
      ],
      [
       -97.083198,
       47.9261508
      ],
      [
       -97.0831647,
       47.9261583
      ],
      [
       -97.0830537,
       47.9262856
      ],
      [
       -97.0830537,
       47.9263231
      ],
      [
       -97.0830093,
       47.926338
      ],
      [
       -97.0828872,
       47.9264803
      ],
      [
       -97.082754,
       47.9264653
      ],
      [
       -97.0826541,
       47.9264129
      ],
      [
       -97.0826652,
       47.926368
      ],
      [
       -97.0829538,
       47.9260385
      ],
      [
       -97.0830981,
       47.926046
      ],
      [
       -97.0831425,
       47.9259486
      ],
      [
       -97.0832091,
       47.9259486
      ],
      [
       -97.0832424,
       47.9259861
      ],
      [
       -97.0833312,
       47.9259936
      ],
      [
       -97.0833312,
       47.9256416
      ],
      [
       -97.0832979,
       47.9256341
      ],
      [
       -97.0832979,
       47.9252672
      ],
      [
       -97.0832091,
       47.9252522
      ],
      [
       -97.0832091,
       47.924758
      ],
      [
       -97.0832868,
       47.9247505
      ],
      [
       -97.0832868,
       47.9247206
      ],
      [
       -97.0831647,
       47.9246981
      ],
      [
       -97.0831425,
       47.9247356
      ],
      [
       -97.0830759,
       47.9247356
      ],
      [
       -97.0828983,
       47.9246981
      ],
      [
       -97.0826985,
       47.9246232
      ],
      [
       -97.0825986,
       47.9245558
      ],
      [
       -97.0824988,
       47.924451
      ],
      [
       -97.0824322,
       47.9243162
      ],
      [
       -97.0823767,
       47.9241215
      ],
      [
       -97.0823767,
       47.9240691
      ],
      [
       -97.0824322,
       47.9240466
      ],
      [
       -97.0824322,
       47.9240167
      ],
      [
       -97.0822879,
       47.9240317
      ],
      [
       -97.0822546,
       47.9240691
      ],
      [
       -97.0821436,
       47.9240541
      ],
      [
       -97.0821214,
       47.9240691
      ],
      [
       -97.0817662,
       47.9241065
      ],
      [
       -97.0816219,
       47.9241065
      ],
      [
       -97.0815775,
       47.9241515
      ],
      [
       -97.0815109,
       47.9241515
      ],
      [
       -97.0814998,
       47.924114
      ],
      [
       -97.0813444,
       47.9241215
      ],
      [
       -97.0813444,
       47.9241365
      ],
      [
       -97.0814443,
       47.9241365
      ],
      [
       -97.0814665,
       47.9241515
      ],
      [
       -97.0814665,
       47.9242863
      ],
      [
       -97.0813444,
       47.9242937
      ],
      [
       -97.0813333,
       47.9243312
      ],
      [
       -97.0812778,
       47.9243387
      ],
      [
       -97.0812556,
       47.9242937
      ],
      [
       -97.0811224,
       47.9242863
      ],
      [
       -97.0811224,
       47.9241515
      ],
      [
       -97.0810669,
       47.9241515
      ],
      [
       -97.0810447,
       47.924114
      ],
      [
       -97.0808116,
       47.9240991
      ],
      [
       -97.0807894,
       47.9241365
      ],
      [
       -97.0807339,
       47.9241365
      ],
      [
       -97.0807228,
       47.9240916
      ],
      [
       -97.0806895,
       47.9240841
      ],
      [
       -97.0804453,
       47.9240541
      ],
      [
       -97.0803566,
       47.9240691
      ],
      [
       -97.0803455,
       47.9240392
      ],
      [
       -97.0801679,
       47.9240092
      ],
      [
       -97.0801568,
       47.9239493
      ],
      [
       -97.080068,
       47.9239119
      ],
      [
       -97.0800791,
       47.9237995
      ],
      [
       -97.0802234,
       47.9238145
      ],
      [
       -97.0802678,
       47.9237471
      ],
      [
       -97.0804675,
       47.9237621
      ],
      [
       -97.0804897,
       47.9236498
      ],
      [
       -97.0805452,
       47.9235973
      ],
      [
       -97.0805674,
       47.92353
      ],
      [
       -97.0807783,
       47.9235599
      ],
      [
       -97.0807783,
       47.9236797
      ],
      [
       -97.080745,
       47.9236947
      ],
      [
       -97.0807339,
       47.9237621
      ],
      [
       -97.0807117,
       47.9237771
      ],
      [
       -97.0805563,
       47.9237621
      ],
      [
       -97.0805674,
       47.923807
      ],
      [
       -97.0807561,
       47.9238145
      ],
      [
       -97.0808116,
       47.923837
      ],
      [
       -97.0808782,
       47.9238295
      ],
      [
       -97.0808782,
       47.9237995
      ],
      [
       -97.0809226,
       47.923792
      ],
      [
       -97.0808782,
       47.9237172
      ],
      [
       -97.0808782,
       47.9236797
      ],
      [
       -97.0809226,
       47.9236647
      ],
      [
       -97.0809226,
       47.9236198
      ],
      [
       -97.0811113,
       47.9236123
      ],
      [
       -97.0811335,
       47.9236348
      ],
      [
       -97.0812445,
       47.9236348
      ],
      [
       -97.0812667,
       47.9236498
      ],
      [
       -97.0812556,
       47.9237846
      ],
      [
       -97.0811113,
       47.9237995
      ],
      [
       -97.080967,
       47.9237846
      ],
      [
       -97.080967,
       47.923837
      ],
      [
       -97.0816552,
       47.923837
      ],
      [
       -97.0817884,
       47.923822
      ],
      [
       -97.0817995,
       47.9237846
      ],
      [
       -97.081855,
       47.9237846
      ],
      [
       -97.0818661,
       47.9238145
      ],
      [
       -97.0819105,
       47.9238145
      ],
      [
       -97.082188,
       47.9237696
      ],
      [
       -97.0822546,
       47.9237771
      ],
      [
       -97.0822657,
       47.923837
      ],
      [
       -97.0823323,
       47.923837
      ],
      [
       -97.0823545,
       47.9238145
      ],
      [
       -97.0823545,
       47.9237396
      ],
      [
       -97.0823212,
       47.9237097
      ],
      [
       -97.0822324,
       47.9236947
      ],
      [
       -97.0821769,
       47.9235075
      ],
      [
       -97.0821769,
       47.9234775
      ],
      [
       -97.0822435,
       47.9234626
      ],
      [
       -97.0822435,
       47.9234476
      ],
      [
       -97.0788581,
       47.9234476
      ],
      [
       -97.0788581,
       47.9240317
      ],
      [
       -97.0789691,
       47.9240317
      ],
      [
       -97.0789691,
       47.9235824
      ],
      [
       -97.0790579,
       47.9235749
      ],
      [
       -97.079069,
       47.9235075
      ],
      [
       -97.0799459,
       47.9235075
      ],
      [
       -97.0799681,
       47.9235225
      ],
      [
       -97.0799681,
       47.9235749
      ],
      [
       -97.0800347,
       47.9235824
      ],
      [
       -97.0800347,
       47.924421
      ],
      [
       -97.0807006,
       47.924421
      ],
      [
       -97.0807228,
       47.9244585
      ],
      [
       -97.0808338,
       47.9244735
      ],
      [
       -97.0808338,
       47.9250351
      ],
      [
       -97.0808116,
       47.9250501
      ],
      [
       -97.0807228,
       47.9250501
      ],
      [
       -97.0807006,
       47.9250875
      ],
      [
       -97.079069,
       47.9250875
      ],
      [
       -97.0790579,
       47.9250426
      ],
      [
       -97.0788581,
       47.9250426
      ],
      [
       -97.0788581,
       47.9251848
      ],
      [
       -97.0788803,
       47.9251848
      ],
      [
       -97.0789025,
       47.9251474
      ],
      [
       -97.0797683,
       47.9251474
      ],
      [
       -97.0798127,
       47.9251998
      ],
      [
       -97.0799903,
       47.9251998
      ],
      [
       -97.0799903,
       47.9265103
      ],
      [
       -97.0798682,
       47.9265177
      ],
      [
       -97.0798682,
       47.9268173
      ],
      [
       -97.082299,
       47.9268173
      ]
     ],
     [
      [
       -97.0817773,
       47.9243986
      ],
      [
       -97.0815886,
       47.9243986
      ],
      [
       -97.0815664,
       47.9243836
      ],
      [
       -97.0815553,
       47.9242638
      ],
      [
       -97.0815997,
       47.924159
      ],
      [
       -97.0817884,
       47.924159
      ],
      [
       -97.0818106,
       47.9241739
      ],
      [
       -97.0817995,
       47.9242488
      ],
      [
       -97.0818217,
       47.9242788
      ],
      [
       -97.0819105,
       47.9242788
      ],
      [
       -97.0818994,
       47.924129
      ],
      [
       -97.0819216,
       47.924114
      ],
      [
       -97.0820992,
       47.9240991
      ],
      [
       -97.0822546,
       47.924129
      ],
      [
       -97.0822546,
       47.9242563
      ],
      [
       -97.0822324,
       47.9242713
      ],
      [
       -97.0821214,
       47.9242713
      ],
      [
       -97.0820992,
       47.9242937
      ],
      [
       -97.0819438,
       47.9242788
      ],
      [
       -97.0819327,
       47.9243237
      ],
      [
       -97.0817995,
       47.9243087
      ],
      [
       -97.0817995,
       47.9243836
      ],
      [
       -97.0817773,
       47.9243986
      ]
     ]
    ]
   },
   "properties": {
    "id": "MOW-110",
    "name": "Housing 1",
    "category": "Housing",
    "acres": "",
    "drawn_acres": 17.18,
    "crew": "",
    "frequency": "weekly",
    "mower": "",
    "ownership": "UND",
    "site": "main",
    "needs_tracing": true,
    "notes": "Imported from Mowing Map 2025 (PDF). Line the overlay up in Edit mode and re-import to place these exactly, then verify edges."
   }
  },
  {
   "type": "Feature",
   "geometry": {
    "type": "Polygon",
    "coordinates": [
     [
      [
       -97.0843524,
       47.9268173
      ],
      [
       -97.0843524,
       47.9266226
      ],
      [
       -97.0843302,
       47.9266226
      ],
      [
       -97.084308,
       47.9266825
      ],
      [
       -97.0835421,
       47.9266675
      ],
      [
       -97.0835199,
       47.9266376
      ],
      [
       -97.0831314,
       47.9266376
      ],
      [
       -97.0831203,
       47.926675
      ],
      [
       -97.0824877,
       47.926675
      ],
      [
       -97.0824766,
       47.9266301
      ],
      [
       -97.0824211,
       47.9266301
      ],
      [
       -97.0824322,
       47.9268173
      ],
      [
       -97.0843524,
       47.9268173
      ]
     ]
    ]
   },
   "properties": {
    "id": "MOW-111",
    "name": "Housing 2",
    "category": "Housing",
    "acres": "",
    "drawn_acres": 0.6,
    "crew": "",
    "frequency": "weekly",
    "mower": "",
    "ownership": "UND",
    "site": "main",
    "needs_tracing": true,
    "notes": "Imported from Mowing Map 2025 (PDF). Line the overlay up in Edit mode and re-import to place these exactly, then verify edges."
   }
  },
  {
   "type": "Feature",
   "geometry": {
    "type": "Polygon",
    "coordinates": [
     [
      [
       -97.0849406,
       47.9268322
      ],
      [
       -97.0849517,
       47.9268173
      ],
      [
       -97.0850405,
       47.9268098
      ],
      [
       -97.0853957,
       47.9268098
      ],
      [
       -97.0853957,
       47.9234176
      ],
      [
       -97.0845411,
       47.9234176
      ],
      [
       -97.0844523,
       47.9234401
      ],
      [
       -97.0832535,
       47.9234401
      ],
      [
       -97.0832424,
       47.9234251
      ],
      [
       -97.0831647,
       47.9234251
      ],
      [
       -97.0831425,
       47.9234401
      ],
      [
       -97.08241,
       47.9234476
      ],
      [
       -97.0824322,
       47.9235225
      ],
      [
       -97.082521,
       47.92353
      ],
      [
       -97.0827096,
       47.924129
      ],
      [
       -97.0827318,
       47.9242563
      ],
      [
       -97.0826652,
       47.9242713
      ],
      [
       -97.0826874,
       47.9243686
      ],
      [
       -97.0827762,
       47.924466
      ],
      [
       -97.082865,
       47.9245184
      ],
      [
       -97.0831425,
       47.9245858
      ],
      [
       -97.0832091,
       47.9245858
      ],
      [
       -97.0832313,
       47.9245409
      ],
      [
       -97.0832313,
       47.9245259
      ],
      [
       -97.0831203,
       47.9245034
      ],
      [
       -97.0831203,
       47.924436
      ],
      [
       -97.0832313,
       47.9239493
      ],
      [
       -97.0832646,
       47.9238894
      ],
      [
       -97.0836753,
       47.9237771
      ],
      [
       -97.083753,
       47.9237771
      ],
      [
       -97.0839195,
       47.9237321
      ],
      [
       -97.0839306,
       47.9237097
      ],
      [
       -97.0839861,
       47.9237097
      ],
      [
       -97.0840083,
       47.9236872
      ],
      [
       -97.0839972,
       47.9235899
      ],
      [
       -97.0841859,
       47.9235824
      ],
      [
       -97.084197,
       47.92353
      ],
      [
       -97.0842414,
       47.92353
      ],
      [
       -97.0842636,
       47.9235075
      ],
      [
       -97.0843746,
       47.9234775
      ],
      [
       -97.0844523,
       47.9234925
      ],
      [
       -97.0845855,
       47.9237471
      ],
      [
       -97.0846299,
       47.9237771
      ],
      [
       -97.0846299,
       47.923822
      ],
      [
       -97.0847076,
       47.9239493
      ],
      [
       -97.0847076,
       47.9239942
      ],
      [
       -97.0845966,
       47.9240242
      ],
      [
       -97.0846188,
       47.9240991
      ],
      [
       -97.0846743,
       47.9241065
      ],
      [
       -97.0846854,
       47.9241664
      ],
      [
       -97.0840527,
       47.9243312
      ],
      [
       -97.0839972,
       47.9245858
      ],
      [
       -97.0839972,
       47.9246232
      ],
      [
       -97.0840305,
       47.9246382
      ],
      [
       -97.0840194,
       47.9246756
      ],
      [
       -97.0837308,
       47.9246457
      ],
      [
       -97.0837197,
       47.9245633
      ],
      [
       -97.0837419,
       47.9245558
      ],
      [
       -97.0837419,
       47.9245109
      ],
      [
       -97.0835421,
       47.9245184
      ],
      [
       -97.0833867,
       47.9244959
      ],
      [
       -97.0833534,
       47.9245783
      ],
      [
       -97.0833201,
       47.9245858
      ],
      [
       -97.0833201,
       47.9246157
      ],
      [
       -97.0834533,
       47.9246532
      ],
      [
       -97.0834533,
       47.9247056
      ],
      [
       -97.0834089,
       47.9247505
      ],
      [
       -97.08342,
       47.9247805
      ],
      [
       -97.083531,
       47.9248104
      ],
      [
       -97.0835199,
       47.9252073
      ],
      [
       -97.0836198,
       47.9252148
      ],
      [
       -97.0836198,
       47.9253571
      ],
      [
       -97.0837086,
       47.9253496
      ],
      [
       -97.083753,
       47.9253795
      ],
      [
       -97.083753,
       47.9254769
      ],
      [
       -97.0836642,
       47.9254919
      ],
      [
       -97.083642,
       47.9254769
      ],
      [
       -97.0836309,
       47.9253795
      ],
      [
       -97.0834977,
       47.9253795
      ],
      [
       -97.0834755,
       47.9253646
      ],
      [
       -97.0834755,
       47.9252972
      ],
      [
       -97.0835421,
       47.9252822
      ],
      [
       -97.0835421,
       47.9252672
      ],
      [
       -97.0834311,
       47.9252597
      ],
      [
       -97.0834422,
       47.9259861
      ],
      [
       -97.0835088,
       47.9259936
      ],
      [
       -97.0835088,
       47.9264279
      ],
      [
       -97.0834089,
       47.9264503
      ],
      [
       -97.0834089,
       47.9264653
      ],
      [
       -97.0834644,
       47.9265402
      ],
      [
       -97.0835088,
       47.9265402
      ],
      [
       -97.0835199,
       47.9264878
      ],
      [
       -97.0838307,
       47.9264878
      ],
      [
       -97.0838418,
       47.9265177
      ],
      [
       -97.0838862,
       47.9265177
      ],
      [
       -97.0838973,
       47.9265402
      ],
      [
       -97.083975,
       47.9265402
      ],
      [
       -97.0839861,
       47.9265028
      ],
      [
       -97.0843191,
       47.9265028
      ],
      [
       -97.0843302,
       47.9265402
      ],
      [
       -97.0843635,
       47.9265477
      ],
      [
       -97.0843635,
       47.9264728
      ],
      [
       -97.084308,
       47.9263979
      ],
      [
       -97.084197,
       47.9263979
      ],
      [
       -97.0839306,
       47.9260834
      ],
      [
       -97.0839306,
       47.9260535
      ],
      [
       -97.083975,
       47.9260385
      ],
      [
       -97.0839417,
       47.9259486
      ],
      [
       -97.0842636,
       47.9255817
      ],
      [
       -97.0843524,
       47.9255593
      ],
      [
       -97.0845411,
       47.9255667
      ],
      [
       -97.0845522,
       47.9255892
      ],
      [
       -97.0846299,
       47.9255967
      ],
      [
       -97.0849295,
       47.9259486
      ],
      [
       -97.0848962,
       47.9260385
      ],
      [
       -97.0849406,
       47.9260535
      ],
      [
       -97.0849406,
       47.9260834
      ],
      [
       -97.0846854,
       47.926383
      ],
      [
       -97.0845855,
       47.9263904
      ],
      [
       -97.0845078,
       47.9264653
      ],
      [
       -97.0844967,
       47.9268173
      ],
      [
       -97.0849406,
       47.9268322
      ]
     ],
     [
      [
       -97.0830315,
       47.9241964
      ],
      [
       -97.0829871,
       47.9241964
      ],
      [
       -97.0829649,
       47.924144
      ],
      [
       -97.0829094,
       47.924129
      ],
      [
       -97.0829538,
       47.9238969
      ],
      [
       -97.0829427,
       47.9238295
      ],
      [
       -97.082643,
       47.9236647
      ],
      [
       -97.082643,
       47.9235524
      ],
      [
       -97.0828095,
       47.9235374
      ],
      [
       -97.0830981,
       47.9237022
      ],
      [
       -97.0831647,
       47.9237022
      ],
      [
       -97.0834866,
       47.9236123
      ],
      [
       -97.083531,
       47.9236123
      ],
      [
       -97.0835532,
       47.9236423
      ],
      [
       -97.0836531,
       47.9236498
      ],
      [
       -97.0836531,
       47.9236797
      ],
      [
       -97.0836087,
       47.9237022
      ],
      [
       -97.0835976,
       47.9237696
      ],
      [
       -97.0832313,
       47.9238594
      ],
      [
       -97.083198,
       47.9238894
      ],
      [
       -97.0831425,
       47.9241515
      ],
      [
       -97.0830648,
       47.924159
      ],
      [
       -97.0830315,
       47.9241964
      ]
     ],
     [
      [
       -97.0840527,
       47.9264728
      ],
      [
       -97.0839972,
       47.9264803
      ],
      [
       -97.0839861,
       47.9264578
      ],
      [
       -97.0838529,
       47.9264728
      ],
      [
       -97.0835643,
       47.9261433
      ],
      [
       -97.0835643,
       47.9261134
      ],
      [
       -97.0836309,
       47.9260909
      ],
      [
       -97.083642,
       47.926061
      ],
      [
       -97.0836975,
       47.9260535
      ],
      [
       -97.0836975,
       47.9260385
      ],
      [
       -97.0835643,
       47.926016
      ],
      [
       -97.0835754,
       47.9259786
      ],
      [
       -97.0836531,
       47.9259861
      ],
      [
       -97.0836531,
       47.9259262
      ],
      [
       -97.0836087,
       47.9259037
      ],
      [
       -97.0836087,
       47.9258588
      ],
      [
       -97.083864,
       47.9255667
      ],
      [
       -97.0840305,
       47.9255667
      ],
      [
       -97.0840416,
       47.9256192
      ],
      [
       -97.084086,
       47.9256341
      ],
      [
       -97.084086,
       47.9256791
      ],
      [
       -97.083864,
       47.9259412
      ],
      [
       -97.0838307,
       47.9259711
      ],
      [
       -97.0837863,
       47.9259711
      ],
      [
       -97.0837974,
       47.926046
      ],
      [
       -97.0840971,
       47.926383
      ],
      [
       -97.0840971,
       47.9264129
      ],
      [
       -97.0840527,
       47.9264354
      ],
      [
       -97.0840527,
       47.9264728
      ]
     ],
     [
      [
       -97.0852403,
       47.9259636
      ],
      [
       -97.0850516,
       47.9259636
      ],
      [
       -97.0847963,
       47.9256641
      ],
      [
       -97.0847963,
       47.9256341
      ],
      [
       -97.0848518,
       47.9256117
      ],
      [
       -97.0848629,
       47.9255593
      ],
      [
       -97.0849184,
       47.9255593
      ],
      [
       -97.0849295,
       47.9255742
      ],
      [
       -97.0850294,
       47.9255667
      ],
      [
       -97.0852514,
       47.9258139
      ],
      [
       -97.0852958,
       47.9258962
      ],
      [
       -97.0852403,
       47.9259187
      ],
      [
       -97.0852403,
       47.9259636
      ]
     ],
     [
      [
       -97.0849073,
       47.9264803
      ],
      [
       -97.0848518,
       47.9264728
      ],
      [
       -97.0848518,
       47.9264279
      ],
      [
       -97.0847963,
       47.9264054
      ],
      [
       -97.0847963,
       47.926368
      ],
      [
       -97.0850627,
       47.926061
      ],
      [
       -97.0850405,
       47.9260085
      ],
      [
       -97.0851293,
       47.9259861
      ],
      [
       -97.0851293,
       47.9260759
      ],
      [
       -97.085207,
       47.9260685
      ],
      [
       -97.0852292,
       47.9261134
      ],
      [
       -97.0852847,
       47.9261358
      ],
      [
       -97.0852847,
       47.9261808
      ],
      [
       -97.0850405,
       47.9264653
      ],
      [
       -97.0849295,
       47.9264653
      ],
      [
       -97.0849073,
       47.9264803
      ]
     ],
     [
      [
       -97.0849628,
       47.924129
      ],
      [
       -97.0848962,
       47.9241365
      ],
      [
       -97.0848074,
       47.9240991
      ],
      [
       -97.0848407,
       47.9239418
      ],
      [
       -97.0849073,
       47.923822
      ],
      [
       -97.0850183,
       47.9238145
      ],
      [
       -97.0850294,
       47.9237097
      ],
      [
       -97.0852847,
       47.9237097
      ],
      [
       -97.0853069,
       47.9237246
      ],
      [
       -97.0853069,
       47.923807
      ],
      [
       -97.0852847,
       47.923822
      ],
      [
       -97.0850849,
       47.923822
      ],
      [
       -97.0851071,
       47.9238744
      ],
      [
       -97.0849628,
       47.924129
      ]
     ]
    ]
   },
   "properties": {
    "id": "MOW-112",
    "name": "Housing 3",
    "category": "Housing",
    "acres": "",
    "drawn_acres": 11.02,
    "crew": "",
    "frequency": "weekly",
    "mower": "",
    "ownership": "UND",
    "site": "main",
    "needs_tracing": true,
    "notes": "Imported from Mowing Map 2025 (PDF). Line the overlay up in Edit mode and re-import to place these exactly, then verify edges."
   }
  },
  {
   "type": "Feature",
   "geometry": {
    "type": "Polygon",
    "coordinates": [
     [
      [
       -97.0654055,
       47.9318718
      ],
      [
       -97.0654055,
       47.9315498
      ],
      [
       -97.0655498,
       47.9315273
      ],
      [
       -97.0657274,
       47.9315348
      ],
      [
       -97.0657496,
       47.9315498
      ],
      [
       -97.0657607,
       47.9317819
      ],
      [
       -97.065905,
       47.9317819
      ],
      [
       -97.0659161,
       47.9318493
      ],
      [
       -97.0659494,
       47.9318493
      ],
      [
       -97.0659494,
       47.9314749
      ],
      [
       -97.0660493,
       47.9314674
      ],
      [
       -97.0660493,
       47.9313851
      ],
      [
       -97.0660271,
       47.9313851
      ],
      [
       -97.0660271,
       47.9314225
      ],
      [
       -97.0659605,
       47.931445
      ],
      [
       -97.0653278,
       47.931445
      ],
      [
       -97.0653167,
       47.9313776
      ],
      [
       -97.065239,
       47.9313926
      ],
      [
       -97.0652501,
       47.9314674
      ],
      [
       -97.06535,
       47.9314749
      ],
      [
       -97.06535,
       47.9318718
      ],
      [
       -97.0654055,
       47.9318718
      ]
     ]
    ]
   },
   "properties": {
    "id": "MOW-113",
    "name": "Housing 4",
    "category": "Housing",
    "acres": "",
    "drawn_acres": 0.28,
    "crew": "",
    "frequency": "weekly",
    "mower": "",
    "ownership": "UND",
    "site": "main",
    "needs_tracing": true,
    "notes": "Imported from Mowing Map 2025 (PDF). Line the overlay up in Edit mode and re-import to place these exactly, then verify edges."
   }
  },
  {
   "type": "Feature",
   "geometry": {
    "type": "Polygon",
    "coordinates": [
     [
      [
       -97.0656608,
       47.9322911
      ],
      [
       -97.065683,
       47.9322013
      ],
      [
       -97.0663268,
       47.9322013
      ],
      [
       -97.0663268,
       47.9319242
      ],
      [
       -97.0662935,
       47.9319242
      ],
      [
       -97.0662935,
       47.9320365
      ],
      [
       -97.0661492,
       47.9320515
      ],
      [
       -97.0659716,
       47.932044
      ],
      [
       -97.0659494,
       47.9320291
      ],
      [
       -97.0659494,
       47.9319317
      ],
      [
       -97.0657496,
       47.9319317
      ],
      [
       -97.0657496,
       47.9321638
      ],
      [
       -97.0657274,
       47.9321863
      ],
      [
       -97.0656386,
       47.9321863
      ],
      [
       -97.0656164,
       47.9322013
      ],
      [
       -97.0656164,
       47.9322762
      ],
      [
       -97.0656608,
       47.9322911
      ]
     ]
    ]
   },
   "properties": {
    "id": "MOW-114",
    "name": "Housing 5",
    "category": "Housing",
    "acres": "",
    "drawn_acres": 0.25,
    "crew": "",
    "frequency": "weekly",
    "mower": "",
    "ownership": "UND",
    "site": "main",
    "needs_tracing": true,
    "notes": "Imported from Mowing Map 2025 (PDF). Line the overlay up in Edit mode and re-import to place these exactly, then verify edges."
   }
  },
  {
   "type": "Feature",
   "geometry": {
    "type": "Polygon",
    "coordinates": [
     [
      [
       -97.07817,
       47.9224741
      ],
      [
       -97.0783142,
       47.9224142
      ],
      [
       -97.0785473,
       47.9222495
      ],
      [
       -97.0785806,
       47.9222495
      ],
      [
       -97.0787138,
       47.9221671
      ],
      [
       -97.0787027,
       47.9221371
      ],
      [
       -97.0786139,
       47.9221371
      ],
      [
       -97.0785917,
       47.9221222
      ],
      [
       -97.0785917,
       47.9216504
      ],
      [
       -97.0786805,
       47.9216354
      ],
      [
       -97.0786805,
       47.9216205
      ],
      [
       -97.078625,
       47.921613
      ],
      [
       -97.0786361,
       47.921568
      ],
      [
       -97.0787804,
       47.921568
      ],
      [
       -97.0788026,
       47.9216055
      ],
      [
       -97.0788803,
       47.9216055
      ],
      [
       -97.0789025,
       47.9216205
      ],
      [
       -97.0788914,
       47.9219724
      ],
      [
       -97.0788137,
       47.9219874
      ],
      [
       -97.0788137,
       47.9220623
      ],
      [
       -97.0788692,
       47.9220698
      ],
      [
       -97.0790468,
       47.9219649
      ],
      [
       -97.0790357,
       47.9219125
      ],
      [
       -97.0791467,
       47.9218825
      ],
      [
       -97.0795907,
       47.9218825
      ],
      [
       -97.079624,
       47.9219425
      ],
      [
       -97.0797683,
       47.9219425
      ],
      [
       -97.0797794,
       47.9219275
      ],
      [
       -97.0797683,
       47.9218975
      ],
      [
       -97.0796795,
       47.9218825
      ],
      [
       -97.0796795,
       47.9217478
      ],
      [
       -97.0796129,
       47.9217478
      ],
      [
       -97.0796129,
       47.9218002
      ],
      [
       -97.0795907,
       47.9218152
      ],
      [
       -97.0793465,
       47.9218152
      ],
      [
       -97.0793243,
       47.9218301
      ],
      [
       -97.0792466,
       47.9218152
      ],
      [
       -97.0790024,
       47.9218152
      ],
      [
       -97.0789802,
       47.9218002
      ],
      [
       -97.0789802,
       47.9217478
      ],
      [
       -97.0789358,
       47.9217403
      ],
      [
       -97.0789802,
       47.921628
      ],
      [
       -97.079624,
       47.921628
      ],
      [
       -97.0796795,
       47.9217178
      ],
      [
       -97.0797239,
       47.9217178
      ],
      [
       -97.079735,
       47.9216879
      ],
      [
       -97.0798793,
       47.9216879
      ],
      [
       -97.0798904,
       47.9217253
      ],
      [
       -97.0803677,
       47.9217178
      ],
      [
       -97.0803566,
       47.9214333
      ],
      [
       -97.0804231,
       47.9214258
      ],
      [
       -97.0804342,
       47.9217702
      ],
      [
       -97.0804564,
       47.9217702
      ],
      [
       -97.0804786,
       47.9214407
      ],
      [
       -97.0806229,
       47.921306
      ],
      [
       -97.0805674,
       47.9212311
      ],
      [
       -97.0800569,
       47.920984
      ],
      [
       -97.0800236,
       47.920984
      ],
      [
       -97.0800458,
       47.9210663
      ],
      [
       -97.0799792,
       47.9211188
      ],
      [
       -97.0799792,
       47.9211562
      ],
      [
       -97.0799237,
       47.9211712
      ],
      [
       -97.0797461,
       47.9213359
      ],
      [
       -97.0796795,
       47.9213359
      ],
      [
       -97.0794797,
       47.9212311
      ],
      [
       -97.0793798,
       47.9212236
      ],
      [
       -97.0792577,
       47.9211562
      ],
      [
       -97.0791245,
       47.9211562
      ],
      [
       -97.0791245,
       47.9210813
      ],
      [
       -97.0787027,
       47.9208791
      ],
      [
       -97.0787249,
       47.9207593
      ],
      [
       -97.0788803,
       47.9207369
      ],
      [
       -97.0790468,
       47.9208192
      ],
      [
       -97.0791356,
       47.9208192
      ],
      [
       -97.0791467,
       47.9208642
      ],
      [
       -97.0793465,
       47.9209615
      ],
      [
       -97.0793465,
       47.9210663
      ],
      [
       -97.0793798,
       47.9210588
      ],
      [
       -97.0794686,
       47.9209765
      ],
      [
       -97.0794797,
       47.920939
      ],
      [
       -97.0795241,
       47.9209241
      ],
      [
       -97.0796129,
       47.9208342
      ],
      [
       -97.0797128,
       47.9208417
      ],
      [
       -97.0797239,
       47.9208192
      ],
      [
       -97.0795685,
       47.9207144
      ],
      [
       -97.0794797,
       47.9207294
      ],
      [
       -97.0794575,
       47.9207144
      ],
      [
       -97.0794686,
       47.920662
      ],
      [
       -97.0790579,
       47.9204673
      ],
      [
       -97.0790135,
       47.9204673
      ],
      [
       -97.0790246,
       47.9205497
      ],
      [
       -97.0789025,
       47.9206769
      ],
      [
       -97.0787249,
       47.9206395
      ],
      [
       -97.0787138,
       47.9206021
      ],
      [
       -97.0786694,
       47.9205796
      ],
      [
       -97.0786805,
       47.9205347
      ],
      [
       -97.0788026,
       47.9204298
      ],
      [
       -97.0788914,
       47.9204448
      ],
      [
       -97.0789136,
       47.9203924
      ],
      [
       -97.0783586,
       47.9201228
      ],
      [
       -97.0782587,
       47.9201303
      ],
      [
       -97.0782032,
       47.9201752
      ],
      [
       -97.0781367,
       47.9202576
      ],
      [
       -97.0781034,
       47.9203475
      ],
      [
       -97.0781256,
       47.9224741
      ],
      [
       -97.07817,
       47.9224741
      ]
     ],
     [
      [
       -97.0801013,
       47.9216953
      ],
      [
       -97.0800458,
       47.9216953
      ],
      [
       -97.0800236,
       47.9216729
      ],
      [
       -97.0799348,
       47.9216579
      ],
      [
       -97.0799348,
       47.9212461
      ],
      [
       -97.0800236,
       47.9212236
      ],
      [
       -97.0800458,
       47.9211936
      ],
      [
       -97.0800902,
       47.9211936
      ],
      [
       -97.0801235,
       47.9212386
      ],
      [
       -97.0802123,
       47.9212461
      ],
      [
       -97.0802123,
       47.9214183
      ],
      [
       -97.0802345,
       47.9214333
      ],
      [
       -97.0802123,
       47.9214857
      ],
      [
       -97.0802123,
       47.9216579
      ],
      [
       -97.0801235,
       47.9216654
      ],
      [
       -97.0801013,
       47.9216953
      ]
     ]
    ]
   },
   "properties": {
    "id": "MOW-115",
    "name": "Primary Housing 1",
    "category": "Primary Housing",
    "acres": "",
    "drawn_acres": 5.16,
    "crew": "",
    "frequency": "weekly",
    "mower": "",
    "ownership": "UND",
    "site": "main",
    "needs_tracing": true,
    "notes": "Imported from Mowing Map 2025 (PDF). Line the overlay up in Edit mode and re-import to place these exactly, then verify edges."
   }
  },
  {
   "type": "Feature",
   "geometry": {
    "type": "Polygon",
    "coordinates": [
     [
      [
       -97.0731308,
       47.922856
      ],
      [
       -97.073153,
       47.922841
      ],
      [
       -97.073153,
       47.9226838
      ],
      [
       -97.0731308,
       47.9226763
      ],
      [
       -97.073153,
       47.922579
      ],
      [
       -97.0725758,
       47.922579
      ],
      [
       -97.0725758,
       47.922856
      ],
      [
       -97.0731308,
       47.922856
      ]
     ]
    ]
   },
   "properties": {
    "id": "MOW-116",
    "name": "Primary Housing 2",
    "category": "Primary Housing",
    "acres": "",
    "drawn_acres": 0.33,
    "crew": "",
    "frequency": "weekly",
    "mower": "",
    "ownership": "UND",
    "site": "main",
    "needs_tracing": true,
    "notes": "Imported from Mowing Map 2025 (PDF). Line the overlay up in Edit mode and re-import to place these exactly, then verify edges."
   }
  },
  {
   "type": "Feature",
   "geometry": {
    "type": "Polygon",
    "coordinates": [
     [
      [
       -97.0818994,
       47.9230732
      ],
      [
       -97.0822657,
       47.9229159
      ],
      [
       -97.0822213,
       47.9228635
      ],
      [
       -97.082188,
       47.9227512
      ],
      [
       -97.0819993,
       47.9225415
      ],
      [
       -97.081966,
       47.9224666
      ],
      [
       -97.0819549,
       47.9219949
      ],
      [
       -97.0813111,
       47.9220024
      ],
      [
       -97.0812889,
       47.9220173
      ],
      [
       -97.0813,
       47.9220847
      ],
      [
       -97.0813666,
       47.9220922
      ],
      [
       -97.0813777,
       47.9226763
      ],
      [
       -97.0815997,
       47.9226763
      ],
      [
       -97.0816108,
       47.9227137
      ],
      [
       -97.0815664,
       47.9227287
      ],
      [
       -97.0815664,
       47.9227512
      ],
      [
       -97.0818772,
       47.9227512
      ],
      [
       -97.0818994,
       47.9227662
      ],
      [
       -97.0818994,
       47.9230732
      ]
     ]
    ]
   },
   "properties": {
    "id": "MOW-117",
    "name": "Primary Housing 3",
    "category": "Primary Housing",
    "acres": "",
    "drawn_acres": 1.12,
    "crew": "",
    "frequency": "weekly",
    "mower": "",
    "ownership": "UND",
    "site": "main",
    "needs_tracing": true,
    "notes": "Imported from Mowing Map 2025 (PDF). Line the overlay up in Edit mode and re-import to place these exactly, then verify edges."
   }
  },
  {
   "type": "Feature",
   "geometry": {
    "type": "Polygon",
    "coordinates": [
     [
      [
       -97.0788692,
       47.9231256
      ],
      [
       -97.0790024,
       47.9230657
      ],
      [
       -97.0790024,
       47.9230133
      ],
      [
       -97.0782809,
       47.9230058
      ],
      [
       -97.0782809,
       47.9231256
      ],
      [
       -97.0788692,
       47.9231256
      ]
     ]
    ]
   },
   "properties": {
    "id": "MOW-118",
    "name": "Primary Housing 4",
    "category": "Primary Housing",
    "acres": "",
    "drawn_acres": 0.16,
    "crew": "",
    "frequency": "weekly",
    "mower": "",
    "ownership": "UND",
    "site": "main",
    "needs_tracing": true,
    "notes": "Imported from Mowing Map 2025 (PDF). Line the overlay up in Edit mode and re-import to place these exactly, then verify edges."
   }
  },
  {
   "type": "Feature",
   "geometry": {
    "type": "Polygon",
    "coordinates": [
     [
      [
       -97.0804675,
       47.9231256
      ],
      [
       -97.0804564,
       47.9220548
      ],
      [
       -97.0801901,
       47.9220548
      ],
      [
       -97.0801568,
       47.9220698
      ],
      [
       -97.0801568,
       47.9220922
      ],
      [
       -97.0802345,
       47.9220997
      ],
      [
       -97.0802345,
       47.9224591
      ],
      [
       -97.0802012,
       47.9224741
      ],
      [
       -97.0802012,
       47.9225415
      ],
      [
       -97.0802678,
       47.922549
      ],
      [
       -97.0802567,
       47.9225864
      ],
      [
       -97.0801235,
       47.9225864
      ],
      [
       -97.0801013,
       47.9226014
      ],
      [
       -97.0799348,
       47.9225864
      ],
      [
       -97.0799126,
       47.9226314
      ],
      [
       -97.0798682,
       47.9226314
      ],
      [
       -97.0798349,
       47.9225864
      ],
      [
       -97.0792799,
       47.9225939
      ],
      [
       -97.0792688,
       47.9224741
      ],
      [
       -97.0792466,
       47.9224591
      ],
      [
       -97.0792688,
       47.9223843
      ],
      [
       -97.0792688,
       47.9221222
      ],
      [
       -97.0793687,
       47.9220847
      ],
      [
       -97.0793687,
       47.9220548
      ],
      [
       -97.0793243,
       47.9220398
      ],
      [
       -97.0791578,
       47.9220398
      ],
      [
       -97.0791134,
       47.9220548
      ],
      [
       -97.0787915,
       47.9222495
      ],
      [
       -97.0786916,
       47.9223318
      ],
      [
       -97.0786583,
       47.9223318
      ],
      [
       -97.0785362,
       47.9224067
      ],
      [
       -97.0785362,
       47.9224367
      ],
      [
       -97.0786583,
       47.9225116
      ],
      [
       -97.0786583,
       47.9225565
      ],
      [
       -97.0788137,
       47.922549
      ],
      [
       -97.0789025,
       47.9224966
      ],
      [
       -97.0789691,
       47.9225116
      ],
      [
       -97.0790024,
       47.9225116
      ],
      [
       -97.0790246,
       47.9224816
      ],
      [
       -97.0791245,
       47.9224816
      ],
      [
       -97.0791467,
       47.9224966
      ],
      [
       -97.0791245,
       47.9225415
      ],
      [
       -97.0791356,
       47.9226239
      ],
      [
       -97.0789136,
       47.9227512
      ],
      [
       -97.0788581,
       47.9227587
      ],
      [
       -97.0788581,
       47.9228111
      ],
      [
       -97.0791689,
       47.9228111
      ],
      [
       -97.0792244,
       47.9228261
      ],
      [
       -97.0792244,
       47.922871
      ],
      [
       -97.0792466,
       47.922871
      ],
      [
       -97.0792577,
       47.922856
      ],
      [
       -97.0793576,
       47.922856
      ],
      [
       -97.0793576,
       47.9228261
      ],
      [
       -97.0794131,
       47.9228111
      ],
      [
       -97.0798682,
       47.9228111
      ],
      [
       -97.0798793,
       47.9227212
      ],
      [
       -97.0799792,
       47.9227137
      ],
      [
       -97.0800014,
       47.9226913
      ],
      [
       -97.080179,
       47.9226988
      ],
      [
       -97.0802012,
       47.9227287
      ],
      [
       -97.0802012,
       47.9229908
      ],
      [
       -97.080179,
       47.9230058
      ],
      [
       -97.0794131,
       47.9230058
      ],
      [
       -97.079402,
       47.9229384
      ],
      [
       -97.0793465,
       47.9229384
      ],
      [
       -97.0793243,
       47.9229608
      ],
      [
       -97.07918,
       47.9229384
      ],
      [
       -97.07918,
       47.9229983
      ],
      [
       -97.0791467,
       47.9230133
      ],
      [
       -97.0791578,
       47.9230657
      ],
      [
       -97.0793798,
       47.9230657
      ],
      [
       -97.0795574,
       47.9231256
      ],
      [
       -97.0804675,
       47.9231256
      ]
     ]
    ]
   },
   "properties": {
    "id": "MOW-119",
    "name": "Primary Housing 5",
    "category": "Primary Housing",
    "acres": "",
    "drawn_acres": 1.79,
    "crew": "",
    "frequency": "weekly",
    "mower": "",
    "ownership": "UND",
    "site": "main",
    "needs_tracing": true,
    "notes": "Imported from Mowing Map 2025 (PDF). Line the overlay up in Edit mode and re-import to place these exactly, then verify edges."
   }
  },
  {
   "type": "Feature",
   "geometry": {
    "type": "Polygon",
    "coordinates": [
     [
      [
       -97.0737302,
       47.9231555
      ],
      [
       -97.0739521,
       47.9228485
      ],
      [
       -97.0739521,
       47.9223318
      ],
      [
       -97.0739188,
       47.9223393
      ],
      [
       -97.0738522,
       47.9224142
      ],
      [
       -97.0738744,
       47.9227362
      ],
      [
       -97.0738522,
       47.9227512
      ],
      [
       -97.0735637,
       47.9227512
      ],
      [
       -97.0735637,
       47.9230282
      ],
      [
       -97.0735415,
       47.9230432
      ],
      [
       -97.073375,
       47.9230432
      ],
      [
       -97.0733639,
       47.9230807
      ],
      [
       -97.0733084,
       47.9230807
      ],
      [
       -97.0732973,
       47.9230432
      ],
      [
       -97.0732196,
       47.9230432
      ],
      [
       -97.0731974,
       47.9230058
      ],
      [
       -97.0724315,
       47.9230058
      ],
      [
       -97.0724204,
       47.9230507
      ],
      [
       -97.0723427,
       47.9230582
      ],
      [
       -97.0723205,
       47.9230208
      ],
      [
       -97.0723427,
       47.9229009
      ],
      [
       -97.0722983,
       47.9228935
      ],
      [
       -97.072265,
       47.9229159
      ],
      [
       -97.0722539,
       47.9231106
      ],
      [
       -97.0723205,
       47.9231106
      ],
      [
       -97.0723316,
       47.9231256
      ],
      [
       -97.072598,
       47.9231256
      ],
      [
       -97.0726091,
       47.9231106
      ],
      [
       -97.0726757,
       47.9231106
      ],
      [
       -97.0726868,
       47.9231256
      ],
      [
       -97.0731419,
       47.9231256
      ],
      [
       -97.0732307,
       47.9231031
      ],
      [
       -97.0732418,
       47.9231256
      ],
      [
       -97.0734971,
       47.9231181
      ],
      [
       -97.0737302,
       47.9231555
      ]
     ]
    ]
   },
   "properties": {
    "id": "MOW-120",
    "name": "Primary Housing 6",
    "category": "Primary Housing",
    "acres": "",
    "drawn_acres": 0.61,
    "crew": "",
    "frequency": "weekly",
    "mower": "",
    "ownership": "UND",
    "site": "main",
    "needs_tracing": true,
    "notes": "Imported from Mowing Map 2025 (PDF). Line the overlay up in Edit mode and re-import to place these exactly, then verify edges."
   }
  },
  {
   "type": "Feature",
   "geometry": {
    "type": "Polygon",
    "coordinates": [
     [
      [
       -97.0779147,
       47.9245034
      ],
      [
       -97.0781589,
       47.9244959
      ],
      [
       -97.0781478,
       47.9242189
      ],
      [
       -97.0781145,
       47.9242039
      ],
      [
       -97.0781145,
       47.924144
      ],
      [
       -97.0781478,
       47.924129
      ],
      [
       -97.07817,
       47.9236947
      ],
      [
       -97.0780479,
       47.9237097
      ],
      [
       -97.0780368,
       47.9236647
      ],
      [
       -97.0774152,
       47.9236797
      ],
      [
       -97.0774041,
       47.9236947
      ],
      [
       -97.0774041,
       47.9237097
      ],
      [
       -97.0775373,
       47.9237172
      ],
      [
       -97.0776594,
       47.9237546
      ],
      [
       -97.0778148,
       47.9237546
      ],
      [
       -97.0779036,
       47.9237246
      ],
      [
       -97.0779702,
       47.9237321
      ],
      [
       -97.0779702,
       47.9237621
      ],
      [
       -97.0779147,
       47.923822
      ],
      [
       -97.0779147,
       47.9239044
      ],
      [
       -97.0780146,
       47.9240466
      ],
      [
       -97.0780368,
       47.9242039
      ],
      [
       -97.0779924,
       47.9242713
      ],
      [
       -97.0779369,
       47.9242788
      ],
      [
       -97.0779591,
       47.9240991
      ],
      [
       -97.0778703,
       47.9239568
      ],
      [
       -97.0777371,
       47.9238519
      ],
      [
       -97.0775928,
       47.9237771
      ],
      [
       -97.0774707,
       47.9237546
      ],
      [
       -97.0773153,
       47.9237621
      ],
      [
       -97.0773153,
       47.9237022
      ],
      [
       -97.077282,
       47.9236797
      ],
      [
       -97.0769601,
       47.9236722
      ],
      [
       -97.0769712,
       47.9239792
      ],
      [
       -97.077171,
       47.9239792
      ],
      [
       -97.0771599,
       47.9238519
      ],
      [
       -97.0771821,
       47.9238145
      ],
      [
       -97.0772265,
       47.9238145
      ],
      [
       -97.0772376,
       47.9239044
      ],
      [
       -97.0773486,
       47.9239568
      ],
      [
       -97.0773819,
       47.9240092
      ],
      [
       -97.0773819,
       47.9240691
      ],
      [
       -97.0773375,
       47.924144
      ],
      [
       -97.0772376,
       47.9241215
      ],
      [
       -97.0771377,
       47.924144
      ],
      [
       -97.0771155,
       47.9241664
      ],
      [
       -97.0771377,
       47.9242114
      ],
      [
       -97.0772043,
       47.9242264
      ],
      [
       -97.0772043,
       47.9242713
      ],
      [
       -97.0774596,
       47.9242713
      ],
      [
       -97.0774818,
       47.9242863
      ],
      [
       -97.0774818,
       47.9243911
      ],
      [
       -97.0776816,
       47.9243911
      ],
      [
       -97.0777038,
       47.9244136
      ],
      [
       -97.0778259,
       47.924421
      ],
      [
       -97.0778481,
       47.924421
      ],
      [
       -97.0778481,
       47.9243986
      ],
      [
       -97.0777815,
       47.9243911
      ],
      [
       -97.0777815,
       47.9243462
      ],
      [
       -97.0776039,
       47.9243162
      ],
      [
       -97.0775928,
       47.9242788
      ],
      [
       -97.0778925,
       47.9242863
      ],
      [
       -97.0779036,
       47.9243237
      ],
      [
       -97.0778481,
       47.9243312
      ],
      [
       -97.0778481,
       47.9243462
      ],
      [
       -97.0779036,
       47.9243537
      ],
      [
       -97.077948,
       47.9244285
      ],
      [
       -97.077837,
       47.924436
      ],
      [
       -97.077837,
       47.9244735
      ],
      [
       -97.0779036,
       47.9244735
      ],
      [
       -97.0779147,
       47.9245034
      ]
     ]
    ]
   },
   "properties": {
    "id": "MOW-121",
    "name": "Primary Housing 7",
    "category": "Primary Housing",
    "acres": "",
    "drawn_acres": 1.24,
    "crew": "",
    "frequency": "weekly",
    "mower": "",
    "ownership": "UND",
    "site": "main",
    "needs_tracing": true,
    "notes": "Imported from Mowing Map 2025 (PDF). Line the overlay up in Edit mode and re-import to place these exactly, then verify edges."
   }
  },
  {
   "type": "Feature",
   "geometry": {
    "type": "Polygon",
    "coordinates": [
     [
      [
       -97.0751176,
       47.9247206
      ],
      [
       -97.0752619,
       47.9246831
      ],
      [
       -97.0752619,
       47.9246682
      ],
      [
       -97.0751176,
       47.9246682
      ],
      [
       -97.0750954,
       47.9246457
      ],
      [
       -97.0749844,
       47.9246457
      ],
      [
       -97.0749622,
       47.9246307
      ],
      [
       -97.0749622,
       47.9244735
      ],
      [
       -97.0749844,
       47.9244585
      ],
      [
       -97.0750954,
       47.9244585
      ],
      [
       -97.0751176,
       47.924436
      ],
      [
       -97.0752952,
       47.924436
      ],
      [
       -97.0753063,
       47.9243162
      ],
      [
       -97.0756726,
       47.9243162
      ],
      [
       -97.0756837,
       47.9243312
      ],
      [
       -97.0758169,
       47.9243162
      ],
      [
       -97.0758169,
       47.9243986
      ],
      [
       -97.0758724,
       47.9243986
      ],
      [
       -97.0758835,
       47.9243836
      ],
      [
       -97.0759723,
       47.9243986
      ],
      [
       -97.0759723,
       47.9243462
      ],
      [
       -97.0759945,
       47.9243312
      ],
      [
       -97.0761054,
       47.9243312
      ],
      [
       -97.0761276,
       47.9243087
      ],
      [
       -97.0764162,
       47.9243087
      ],
      [
       -97.0764162,
       47.9242788
      ],
      [
       -97.0763163,
       47.9242713
      ],
      [
       -97.0763385,
       47.9241664
      ],
      [
       -97.0764051,
       47.9241664
      ],
      [
       -97.0764606,
       47.9242039
      ],
      [
       -97.0765272,
       47.9242114
      ],
      [
       -97.0767825,
       47.9242039
      ],
      [
       -97.0767825,
       47.9240691
      ],
      [
       -97.076727,
       47.9240466
      ],
      [
       -97.0766049,
       47.9241215
      ],
      [
       -97.0765272,
       47.9241215
      ],
      [
       -97.076505,
       47.9241515
      ],
      [
       -97.0764384,
       47.9241515
      ],
      [
       -97.0764273,
       47.9240916
      ],
      [
       -97.0764828,
       47.9240841
      ],
      [
       -97.0764828,
       47.9240466
      ],
      [
       -97.0764051,
       47.9239942
      ],
      [
       -97.0763718,
       47.9239942
      ],
      [
       -97.0763607,
       47.9240317
      ],
      [
       -97.0762497,
       47.924114
      ],
      [
       -97.0762053,
       47.924114
      ],
      [
       -97.0760943,
       47.9240392
      ],
      [
       -97.076061,
       47.9240392
      ],
      [
       -97.0759279,
       47.924129
      ],
      [
       -97.0758724,
       47.924129
      ],
      [
       -97.0758058,
       47.9240841
      ],
      [
       -97.0757281,
       47.9240841
      ],
      [
       -97.075717,
       47.9242039
      ],
      [
       -97.0756615,
       47.9241964
      ],
      [
       -97.0756615,
       47.9240841
      ],
      [
       -97.0755616,
       47.9240841
      ],
      [
       -97.0755616,
       47.924129
      ],
      [
       -97.0755283,
       47.9241515
      ],
      [
       -97.0754839,
       47.9241515
      ],
      [
       -97.0754395,
       47.9241889
      ],
      [
       -97.0753951,
       47.9241889
      ],
      [
       -97.075273,
       47.9241065
      ],
      [
       -97.0752841,
       47.9240092
      ],
      [
       -97.0750954,
       47.9240017
      ],
      [
       -97.0750843,
       47.9239418
      ],
      [
       -97.0750399,
       47.9239418
      ],
      [
       -97.0750066,
       47.9239193
      ],
      [
       -97.0749844,
       47.9237246
      ],
      [
       -97.0749067,
       47.92353
      ],
      [
       -97.0748512,
       47.9235075
      ],
      [
       -97.0748512,
       47.9234401
      ],
      [
       -97.0741519,
       47.9234401
      ],
      [
       -97.0740964,
       47.9236198
      ],
      [
       -97.0741075,
       47.9237846
      ],
      [
       -97.074385,
       47.9238519
      ],
      [
       -97.0746625,
       47.9238594
      ],
      [
       -97.0747624,
       47.9238819
      ],
      [
       -97.0747957,
       47.9239268
      ],
      [
       -97.0747957,
       47.9240017
      ],
      [
       -97.0747402,
       47.9240766
      ],
      [
       -97.0748512,
       47.924159
      ],
      [
       -97.0749178,
       47.9241664
      ],
      [
       -97.0748512,
       47.924421
      ],
      [
       -97.0748512,
       47.9247131
      ],
      [
       -97.0751176,
       47.9247206
      ]
     ]
    ]
   },
   "properties": {
    "id": "MOW-122",
    "name": "Primary Housing 8",
    "category": "Primary Housing",
    "acres": "",
    "drawn_acres": 1.84,
    "crew": "",
    "frequency": "weekly",
    "mower": "",
    "ownership": "UND",
    "site": "main",
    "needs_tracing": true,
    "notes": "Imported from Mowing Map 2025 (PDF). Line the overlay up in Edit mode and re-import to place these exactly, then verify edges."
   }
  },
  {
   "type": "Feature",
   "geometry": {
    "type": "Polygon",
    "coordinates": [
     [
      [
       -97.0759057,
       47.9247206
      ],
      [
       -97.0759168,
       47.9244435
      ],
      [
       -97.0758169,
       47.9244435
      ],
      [
       -97.0758058,
       47.9245783
      ],
      [
       -97.0756726,
       47.9245783
      ],
      [
       -97.0756615,
       47.9245409
      ],
      [
       -97.0755061,
       47.9245409
      ],
      [
       -97.0754617,
       47.9245633
      ],
      [
       -97.0754506,
       47.9246756
      ],
      [
       -97.0755394,
       47.9246756
      ],
      [
       -97.0755616,
       47.9247131
      ],
      [
       -97.0759057,
       47.9247206
      ]
     ]
    ]
   },
   "properties": {
    "id": "MOW-123",
    "name": "Primary Housing 9",
    "category": "Primary Housing",
    "acres": "",
    "drawn_acres": 0.16,
    "crew": "",
    "frequency": "weekly",
    "mower": "",
    "ownership": "UND",
    "site": "main",
    "needs_tracing": true,
    "notes": "Imported from Mowing Map 2025 (PDF). Line the overlay up in Edit mode and re-import to place these exactly, then verify edges."
   }
  },
  {
   "type": "Feature",
   "geometry": {
    "type": "Polygon",
    "coordinates": [
     [
      [
       -97.0772931,
       47.9247206
      ],
      [
       -97.0772931,
       47.9246307
      ],
      [
       -97.0773264,
       47.9246083
      ],
      [
       -97.0773264,
       47.9245558
      ],
      [
       -97.0772931,
       47.9245483
      ],
      [
       -97.0773042,
       47.9244959
      ],
      [
       -97.0771266,
       47.9244959
      ],
      [
       -97.0769823,
       47.924466
      ],
      [
       -97.0769823,
       47.9244061
      ],
      [
       -97.0769379,
       47.9244061
      ],
      [
       -97.0769268,
       47.9243686
      ],
      [
       -97.0769823,
       47.9243611
      ],
      [
       -97.0769934,
       47.9242788
      ],
      [
       -97.0768602,
       47.9242788
      ],
      [
       -97.0768491,
       47.9243012
      ],
      [
       -97.0768047,
       47.9243012
      ],
      [
       -97.0767936,
       47.9242788
      ],
      [
       -97.0765161,
       47.9242863
      ],
      [
       -97.076505,
       47.924436
      ],
      [
       -97.0768158,
       47.924451
      ],
      [
       -97.0768491,
       47.9245633
      ],
      [
       -97.0768269,
       47.9245708
      ],
      [
       -97.0768269,
       47.9246307
      ],
      [
       -97.0768047,
       47.9246457
      ],
      [
       -97.0765161,
       47.9246607
      ],
      [
       -97.0764939,
       47.9246981
      ],
      [
       -97.0764162,
       47.9246981
      ],
      [
       -97.0764162,
       47.9247206
      ],
      [
       -97.0769157,
       47.9247206
      ],
      [
       -97.0769379,
       47.9246906
      ],
      [
       -97.0770267,
       47.9246906
      ],
      [
       -97.0770378,
       47.9247206
      ],
      [
       -97.0770822,
       47.9246981
      ],
      [
       -97.0771488,
       47.9246981
      ],
      [
       -97.077171,
       47.9247206
      ],
      [
       -97.0772931,
       47.9247206
      ]
     ]
    ]
   },
   "properties": {
    "id": "MOW-124",
    "name": "Primary Housing 10",
    "category": "Primary Housing",
    "acres": "",
    "drawn_acres": 0.43,
    "crew": "",
    "frequency": "weekly",
    "mower": "",
    "ownership": "UND",
    "site": "main",
    "needs_tracing": true,
    "notes": "Imported from Mowing Map 2025 (PDF). Line the overlay up in Edit mode and re-import to place these exactly, then verify edges."
   }
  },
  {
   "type": "Feature",
   "geometry": {
    "type": "Polygon",
    "coordinates": [
     [
      [
       -97.0786028,
       47.9247805
      ],
      [
       -97.0786028,
       47.9237022
      ],
      [
       -97.0784585,
       47.9236947
      ],
      [
       -97.0784696,
       47.9239044
      ],
      [
       -97.0784363,
       47.924129
      ],
      [
       -97.0784696,
       47.9241515
      ],
      [
       -97.0785806,
       47.9241515
      ],
      [
       -97.0785584,
       47.9241889
      ],
      [
       -97.0785584,
       47.924436
      ],
      [
       -97.0784585,
       47.9244435
      ],
      [
       -97.0784585,
       47.9244959
      ],
      [
       -97.0785584,
       47.9245109
      ],
      [
       -97.0785584,
       47.9246008
      ],
      [
       -97.0785029,
       47.9246083
      ],
      [
       -97.0785029,
       47.9246756
      ],
      [
       -97.0784807,
       47.9246906
      ],
      [
       -97.0779036,
       47.9246981
      ],
      [
       -97.0779036,
       47.9247206
      ],
      [
       -97.0785473,
       47.9247206
      ],
      [
       -97.0785584,
       47.9247805
      ],
      [
       -97.0786028,
       47.9247805
      ]
     ]
    ]
   },
   "properties": {
    "id": "MOW-125",
    "name": "Primary Housing 11",
    "category": "Primary Housing",
    "acres": "",
    "drawn_acres": 0.25,
    "crew": "",
    "frequency": "weekly",
    "mower": "",
    "ownership": "UND",
    "site": "main",
    "needs_tracing": true,
    "notes": "Imported from Mowing Map 2025 (PDF). Line the overlay up in Edit mode and re-import to place these exactly, then verify edges."
   }
  },
  {
   "type": "Feature",
   "geometry": {
    "type": "Polygon",
    "coordinates": [
     [
      [
       -97.0759945,
       47.9259936
      ],
      [
       -97.0759945,
       47.9252747
      ],
      [
       -97.0766604,
       47.9252672
      ],
      [
       -97.0766604,
       47.9252522
      ],
      [
       -97.0758946,
       47.9252597
      ],
      [
       -97.0758724,
       47.9252747
      ],
      [
       -97.0758724,
       47.9253346
      ],
      [
       -97.075939,
       47.9253646
      ],
      [
       -97.075939,
       47.925709
      ],
      [
       -97.0752397,
       47.925709
      ],
      [
       -97.0752286,
       47.9257315
      ],
      [
       -97.0751953,
       47.9257315
      ],
      [
       -97.0752064,
       47.9257614
      ],
      [
       -97.0754173,
       47.9258738
      ],
      [
       -97.0755727,
       47.9259936
      ],
      [
       -97.0759945,
       47.9259936
      ]
     ]
    ]
   },
   "properties": {
    "id": "MOW-126",
    "name": "Primary Housing 12",
    "category": "Primary Housing",
    "acres": "",
    "drawn_acres": 0.45,
    "crew": "",
    "frequency": "weekly",
    "mower": "",
    "ownership": "UND",
    "site": "main",
    "needs_tracing": true,
    "notes": "Imported from Mowing Map 2025 (PDF). Line the overlay up in Edit mode and re-import to place these exactly, then verify edges."
   }
  },
  {
   "type": "Feature",
   "geometry": {
    "type": "Polygon",
    "coordinates": [
     [
      [
       -97.0750288,
       47.9257465
      ],
      [
       -97.0750399,
       47.925694
      ],
      [
       -97.0749289,
       47.9255967
      ],
      [
       -97.0747846,
       47.9252747
      ],
      [
       -97.0747846,
       47.9244136
      ],
      [
       -97.0748512,
       47.9242114
      ],
      [
       -97.0748512,
       47.9241814
      ],
      [
       -97.074829,
       47.9241814
      ],
      [
       -97.0747402,
       47.924421
      ],
      [
       -97.0747624,
       47.9248629
      ],
      [
       -97.0745293,
       47.9249902
      ],
      [
       -97.0745293,
       47.9250575
      ],
      [
       -97.0747069,
       47.9250575
      ],
      [
       -97.0747291,
       47.9250725
      ],
      [
       -97.0747402,
       47.9252672
      ],
      [
       -97.0745737,
       47.9254694
      ],
      [
       -97.0750288,
       47.9257465
      ]
     ]
    ]
   },
   "properties": {
    "id": "MOW-127",
    "name": "Greenway 1",
    "category": "Greenway",
    "acres": "",
    "drawn_acres": 0.3,
    "crew": "",
    "frequency": "weekly",
    "mower": "",
    "ownership": "UND",
    "site": "main",
    "needs_tracing": true,
    "notes": "Imported from Mowing Map 2025 (PDF). Line the overlay up in Edit mode and re-import to place these exactly, then verify edges."
   }
  },
  {
   "type": "Feature",
   "geometry": {
    "type": "Polygon",
    "coordinates": [
     [
      [
       -97.075606,
       47.9267948
      ],
      [
       -97.0756393,
       47.9266975
      ],
      [
       -97.0756948,
       47.9267049
      ],
      [
       -97.0757059,
       47.9267723
      ],
      [
       -97.0757392,
       47.9267723
      ],
      [
       -97.0757281,
       47.9266001
      ],
      [
       -97.0757836,
       47.9265103
      ],
      [
       -97.0757059,
       47.926046
      ],
      [
       -97.0756726,
       47.9260085
      ],
      [
       -97.0755283,
       47.926016
      ],
      [
       -97.0754284,
       47.9259337
      ],
      [
       -97.0752397,
       47.9258363
      ],
      [
       -97.0751287,
       47.9257539
      ],
      [
       -97.0750621,
       47.9257614
      ],
      [
       -97.0750621,
       47.9257839
      ],
      [
       -97.0754062,
       47.9259936
      ],
      [
       -97.0755061,
       47.9260984
      ],
      [
       -97.0756171,
       47.926353
      ],
      [
       -97.0756171,
       47.9265327
      ],
      [
       -97.0755838,
       47.9265702
      ],
      [
       -97.0755838,
       47.9267948
      ],
      [
       -97.075606,
       47.9267948
      ]
     ]
    ]
   },
   "properties": {
    "id": "MOW-128",
    "name": "Greenway 2",
    "category": "Greenway",
    "acres": "",
    "drawn_acres": 0.31,
    "crew": "",
    "frequency": "weekly",
    "mower": "",
    "ownership": "UND",
    "site": "main",
    "needs_tracing": true,
    "notes": "Imported from Mowing Map 2025 (PDF). Line the overlay up in Edit mode and re-import to place these exactly, then verify edges."
   }
  },
  {
   "type": "Feature",
   "geometry": {
    "type": "Polygon",
    "coordinates": [
     [
      [
       -97.0725203,
       47.9341857
      ],
      [
       -97.0725314,
       47.9341707
      ],
      [
       -97.0741963,
       47.9341707
      ],
      [
       -97.0742185,
       47.9340584
      ],
      [
       -97.0743184,
       47.9340134
      ],
      [
       -97.0746736,
       47.9340134
      ],
      [
       -97.0748623,
       47.9340808
      ],
      [
       -97.074829,
       47.9330624
      ],
      [
       -97.0744516,
       47.9331074
      ],
      [
       -97.0744405,
       47.9336615
      ],
      [
       -97.0717655,
       47.9336615
      ],
      [
       -97.0717433,
       47.9338262
      ],
      [
       -97.0715103,
       47.9340434
      ],
      [
       -97.0714992,
       47.9341632
      ],
      [
       -97.0715658,
       47.9341632
      ],
      [
       -97.0716102,
       47.9341857
      ],
      [
       -97.0725203,
       47.9341857
      ]
     ]
    ]
   },
   "properties": {
    "id": "MOW-129",
    "name": "Greenway 3",
    "category": "Greenway",
    "acres": "",
    "drawn_acres": 3.66,
    "crew": "",
    "frequency": "weekly",
    "mower": "",
    "ownership": "UND",
    "site": "main",
    "needs_tracing": true,
    "notes": "Imported from Mowing Map 2025 (PDF). Line the overlay up in Edit mode and re-import to place these exactly, then verify edges."
   }
  },
  {
   "type": "Feature",
   "geometry": {
    "type": "Polygon",
    "coordinates": [
     [
      [
       -97.0702449,
       47.9341931
      ],
      [
       -97.0702782,
       47.9341782
      ],
      [
       -97.0703559,
       47.9341857
      ],
      [
       -97.070367,
       47.9341707
      ],
      [
       -97.0704669,
       47.9341632
      ],
      [
       -97.0707999,
       47.9341557
      ],
      [
       -97.0712661,
       47.9341782
      ],
      [
       -97.0712994,
       47.9341632
      ],
      [
       -97.0713105,
       47.9340808
      ],
      [
       -97.071366,
       47.933991
      ],
      [
       -97.0715658,
       47.9338487
      ],
      [
       -97.0716213,
       47.9337813
      ],
      [
       -97.0716323,
       47.9336615
      ],
      [
       -97.0702782,
       47.9336615
      ],
      [
       -97.0702449,
       47.9340359
      ],
      [
       -97.0702449,
       47.9341931
      ]
     ]
    ]
   },
   "properties": {
    "id": "MOW-130",
    "name": "Greenway 4",
    "category": "Greenway",
    "acres": "",
    "drawn_acres": 1.26,
    "crew": "",
    "frequency": "weekly",
    "mower": "",
    "ownership": "UND",
    "site": "main",
    "needs_tracing": true,
    "notes": "Imported from Mowing Map 2025 (PDF). Line the overlay up in Edit mode and re-import to place these exactly, then verify edges."
   }
  },
  {
   "type": "Feature",
   "geometry": {
    "type": "Polygon",
    "coordinates": [
     [
      [
       -97.0696677,
       47.9342006
      ],
      [
       -97.0696788,
       47.9341857
      ],
      [
       -97.0697454,
       47.9341857
      ],
      [
       -97.0697454,
       47.9341632
      ],
      [
       -97.0696788,
       47.9341183
      ],
      [
       -97.069701,
       47.933976
      ],
      [
       -97.0696677,
       47.9335866
      ],
      [
       -97.0696899,
       47.9329576
      ],
      [
       -97.0696677,
       47.9327629
      ],
      [
       -97.0694901,
       47.9326056
      ],
      [
       -97.0694901,
       47.9325233
      ],
      [
       -97.0696566,
       47.932411
      ],
      [
       -97.0697676,
       47.9323061
      ],
      [
       -97.0700007,
       47.9319242
      ],
      [
       -97.0701561,
       47.9317445
      ],
      [
       -97.0704447,
       47.9315873
      ],
      [
       -97.0706001,
       47.9315273
      ],
      [
       -97.0709997,
       47.9314674
      ],
      [
       -97.0711995,
       47.9314749
      ],
      [
       -97.0713549,
       47.9315199
      ],
      [
       -97.0714659,
       47.9315273
      ],
      [
       -97.0716878,
       47.9316097
      ],
      [
       -97.0720319,
       47.9318419
      ],
      [
       -97.0721318,
       47.9319467
      ],
      [
       -97.0722539,
       47.9320291
      ],
      [
       -97.0723205,
       47.932044
      ],
      [
       -97.0725314,
       47.9317969
      ],
      [
       -97.0726868,
       47.931722
      ],
      [
       -97.0728533,
       47.9315199
      ],
      [
       -97.0730087,
       47.9312578
      ],
      [
       -97.0729865,
       47.931138
      ],
      [
       -97.0729532,
       47.931093
      ],
      [
       -97.0728755,
       47.9310331
      ],
      [
       -97.0726202,
       47.9309208
      ],
      [
       -97.0724981,
       47.9308384
      ],
      [
       -97.0723871,
       47.9306962
      ],
      [
       -97.0723538,
       47.9305913
      ],
      [
       -97.0723538,
       47.9304565
      ],
      [
       -97.0722872,
       47.9302094
      ],
      [
       -97.0723094,
       47.9300971
      ],
      [
       -97.0726202,
       47.9297377
      ],
      [
       -97.0726979,
       47.9296927
      ],
      [
       -97.0728422,
       47.9296703
      ],
      [
       -97.0738189,
       47.9296628
      ],
      [
       -97.0738966,
       47.9297302
      ],
      [
       -97.074052,
       47.9297601
      ],
      [
       -97.0741963,
       47.9297302
      ],
      [
       -97.0743295,
       47.9296478
      ],
      [
       -97.074718,
       47.9296253
      ],
      [
       -97.0751176,
       47.9295355
      ],
      [
       -97.0754173,
       47.9294082
      ],
      [
       -97.0755949,
       47.9292659
      ],
      [
       -97.0756615,
       47.9291461
      ],
      [
       -97.0756615,
       47.9290488
      ],
      [
       -97.0755949,
       47.9289514
      ],
      [
       -97.0755283,
       47.9288915
      ],
      [
       -97.0754173,
       47.9288466
      ],
      [
       -97.075051,
       47.9287792
      ],
      [
       -97.0749067,
       47.9287268
      ],
      [
       -97.074607,
       47.9285246
      ],
      [
       -97.074496,
       47.9284123
      ],
      [
       -97.0744405,
       47.9282625
      ],
      [
       -97.0742851,
       47.9280453
      ],
      [
       -97.0741852,
       47.9277683
      ],
      [
       -97.0741963,
       47.9275511
      ],
      [
       -97.0743184,
       47.9273939
      ],
      [
       -97.0744294,
       47.9273115
      ],
      [
       -97.0746292,
       47.9272441
      ],
      [
       -97.0748068,
       47.9271243
      ],
      [
       -97.0750288,
       47.9270195
      ],
      [
       -97.075051,
       47.9269745
      ],
      [
       -97.0744405,
       47.9269595
      ],
      [
       -97.0743739,
       47.9269745
      ],
      [
       -97.0743295,
       47.9270195
      ],
      [
       -97.0742851,
       47.9270195
      ],
      [
       -97.0742518,
       47.9269745
      ],
      [
       -97.0740409,
       47.9269745
      ],
      [
       -97.0738079,
       47.9274163
      ],
      [
       -97.0738189,
       47.9275361
      ],
      [
       -97.0737968,
       47.9275436
      ],
      [
       -97.0737968,
       47.9275811
      ],
      [
       -97.0739965,
       47.9277608
      ],
      [
       -97.0741186,
       47.9280903
      ],
      [
       -97.0741408,
       47.9280903
      ],
      [
       -97.0741408,
       47.9280453
      ],
      [
       -97.0740964,
       47.9279105
      ],
      [
       -97.074163,
       47.9279105
      ],
      [
       -97.0742407,
       47.9281352
      ],
      [
       -97.0741852,
       47.9281427
      ],
      [
       -97.0741519,
       47.9282924
      ],
      [
       -97.0745404,
       47.9289888
      ],
      [
       -97.0745404,
       47.9291012
      ],
      [
       -97.0745071,
       47.9291761
      ],
      [
       -97.0743184,
       47.9293483
      ],
      [
       -97.074274,
       47.9294157
      ],
      [
       -97.0742518,
       47.9296104
      ],
      [
       -97.0742296,
       47.9296328
      ],
      [
       -97.0741408,
       47.9296853
      ],
      [
       -97.0740742,
       47.9297002
      ],
      [
       -97.0739521,
       47.9296853
      ],
      [
       -97.0738855,
       47.9296104
      ],
      [
       -97.0736303,
       47.9296029
      ],
      [
       -97.0729865,
       47.9296029
      ],
      [
       -97.0727312,
       47.9296253
      ],
      [
       -97.072598,
       47.9296703
      ],
      [
       -97.0724093,
       47.9298575
      ],
      [
       -97.0722317,
       47.9300896
      ],
      [
       -97.0722095,
       47.9301795
      ],
      [
       -97.0722206,
       47.9302843
      ],
      [
       -97.0721762,
       47.9303068
      ],
      [
       -97.0721762,
       47.9309283
      ],
      [
       -97.0718765,
       47.9312128
      ],
      [
       -97.0718432,
       47.9312353
      ],
      [
       -97.071144,
       47.9312428
      ],
      [
       -97.0703337,
       47.9313926
      ],
      [
       -97.0697898,
       47.9317745
      ],
      [
       -97.0694901,
       47.9321414
      ],
      [
       -97.0692127,
       47.9325308
      ],
      [
       -97.0691905,
       47.932718
      ],
      [
       -97.0691239,
       47.9329202
      ],
      [
       -97.0692238,
       47.9330999
      ],
      [
       -97.0692127,
       47.9339236
      ],
      [
       -97.0692349,
       47.933961
      ],
      [
       -97.0691683,
       47.9340059
      ],
      [
       -97.0691683,
       47.9340284
      ],
      [
       -97.0692349,
       47.9340733
      ],
      [
       -97.0692904,
       47.9341782
      ],
      [
       -97.069357,
       47.9342006
      ],
      [
       -97.0694568,
       47.9342006
      ],
      [
       -97.0694679,
       47.9341857
      ],
      [
       -97.0696344,
       47.9341857
      ],
      [
       -97.0696677,
       47.9342006
      ]
     ],
     [
      [
       -97.0750177,
       47.9293333
      ],
      [
       -97.0744294,
       47.9294456
      ],
      [
       -97.0744183,
       47.9294082
      ],
      [
       -97.0746403,
       47.9291536
      ],
      [
       -97.0746181,
       47.9288241
      ],
      [
       -97.0747069,
       47.9288391
      ],
      [
       -97.0749067,
       47.9289364
      ],
      [
       -97.0752397,
       47.9290113
      ],
      [
       -97.0753285,
       47.9291311
      ],
      [
       -97.0753285,
       47.9291761
      ],
      [
       -97.0751731,
       47.9292809
      ],
      [
       -97.0750177,
       47.9293333
      ]
     ]
    ]
   },
   "properties": {
    "id": "MOW-131",
    "name": "Greenway 5",
    "category": "Greenway",
    "acres": "",
    "drawn_acres": 8.86,
    "crew": "",
    "frequency": "weekly",
    "mower": "",
    "ownership": "UND",
    "site": "main",
    "needs_tracing": true,
    "notes": "Imported from Mowing Map 2025 (PDF). Line the overlay up in Edit mode and re-import to place these exactly, then verify edges."
   }
  },
  {
   "type": "Feature",
   "geometry": {
    "type": "Polygon",
    "coordinates": [
     [
      [
       -97.0596782,
       47.9201752
      ],
      [
       -97.0625641,
       47.9201678
      ],
      [
       -97.0625752,
       47.9195313
      ],
      [
       -97.0596671,
       47.9195313
      ],
      [
       -97.0596782,
       47.9201752
      ]
     ]
    ]
   },
   "properties": {
    "id": "MOW-132",
    "name": "Sports Fields 1",
    "category": "Sports Fields",
    "acres": "",
    "drawn_acres": 3.81,
    "crew": "",
    "frequency": "weekly",
    "mower": "",
    "ownership": "UND",
    "site": "main",
    "needs_tracing": true,
    "notes": "Imported from Mowing Map 2025 (PDF). Line the overlay up in Edit mode and re-import to place these exactly, then verify edges."
   }
  },
  {
   "type": "Feature",
   "geometry": {
    "type": "Polygon",
    "coordinates": [
     [
      [
       -97.0640403,
       47.9282026
      ],
      [
       -97.0651613,
       47.9281951
      ],
      [
       -97.0651502,
       47.9270269
      ],
      [
       -97.0640292,
       47.9270269
      ],
      [
       -97.0640403,
       47.9276784
      ],
      [
       -97.0640847,
       47.9277009
      ],
      [
       -97.0640847,
       47.9277533
      ],
      [
       -97.0640403,
       47.9277608
      ],
      [
       -97.0640403,
       47.927918
      ],
      [
       -97.0640181,
       47.9279255
      ],
      [
       -97.0640403,
       47.9282026
      ]
     ]
    ]
   },
   "properties": {
    "id": "MOW-133",
    "name": "Sports Fields 2",
    "category": "Sports Fields",
    "acres": "",
    "drawn_acres": 2.69,
    "crew": "",
    "frequency": "weekly",
    "mower": "",
    "ownership": "UND",
    "site": "main",
    "needs_tracing": true,
    "notes": "Imported from Mowing Map 2025 (PDF). Line the overlay up in Edit mode and re-import to place these exactly, then verify edges."
   }
  },
  {
   "type": "Feature",
   "geometry": {
    "type": "Polygon",
    "coordinates": [
     [
      [
       -97.0678474,
       47.9303817
      ],
      [
       -97.0678474,
       47.9303442
      ],
      [
       -97.0679029,
       47.9303367
      ],
      [
       -97.0679029,
       47.9297002
      ],
      [
       -97.0679251,
       47.9296703
      ],
      [
       -97.0679251,
       47.9295355
      ],
      [
       -97.0666709,
       47.9295355
      ],
      [
       -97.0666598,
       47.9299024
      ],
      [
       -97.0667153,
       47.9299099
      ],
      [
       -97.0667153,
       47.9299623
      ],
      [
       -97.0666598,
       47.9299698
      ],
      [
       -97.0666709,
       47.9303817
      ],
      [
       -97.0668041,
       47.9303817
      ],
      [
       -97.0668152,
       47.9303292
      ],
      [
       -97.0669817,
       47.9303367
      ],
      [
       -97.0669928,
       47.9303817
      ],
      [
       -97.0672591,
       47.9303742
      ],
      [
       -97.0672702,
       47.9303367
      ],
      [
       -97.0674034,
       47.9303367
      ],
      [
       -97.0674145,
       47.9303817
      ],
      [
       -97.0675255,
       47.9303817
      ],
      [
       -97.0675477,
       47.9303292
      ],
      [
       -97.0676809,
       47.9303292
      ],
      [
       -97.067692,
       47.9303817
      ],
      [
       -97.0678474,
       47.9303817
      ]
     ]
    ]
   },
   "properties": {
    "id": "MOW-134",
    "name": "Sports Fields 3",
    "category": "Sports Fields",
    "acres": "",
    "drawn_acres": 2.1,
    "crew": "",
    "frequency": "weekly",
    "mower": "",
    "ownership": "UND",
    "site": "main",
    "needs_tracing": true,
    "notes": "Imported from Mowing Map 2025 (PDF). Line the overlay up in Edit mode and re-import to place these exactly, then verify edges."
   }
  },
  {
   "type": "Feature",
   "geometry": {
    "type": "Polygon",
    "coordinates": [
     [
      [
       -97.0680472,
       47.9271093
      ],
      [
       -97.0681138,
       47.9271093
      ],
      [
       -97.0681249,
       47.9270794
      ],
      [
       -97.0691905,
       47.9270794
      ],
      [
       -97.0692016,
       47.9271018
      ],
      [
       -97.069246,
       47.9271018
      ],
      [
       -97.0692571,
       47.9270644
      ],
      [
       -97.0711107,
       47.9270644
      ],
      [
       -97.0711218,
       47.9271018
      ],
      [
       -97.0711662,
       47.9271093
      ],
      [
       -97.0711884,
       47.9270943
      ],
      [
       -97.0711884,
       47.9270195
      ],
      [
       -97.0680472,
       47.9270195
      ],
      [
       -97.0680472,
       47.9271093
      ]
     ]
    ]
   },
   "properties": {
    "id": "MOW-135",
    "name": "REA 1",
    "category": "REA",
    "acres": "",
    "drawn_acres": 0.34,
    "crew": "",
    "frequency": "weekly",
    "mower": "",
    "ownership": "UND",
    "site": "main",
    "needs_tracing": true,
    "notes": "Imported from Mowing Map 2025 (PDF). Line the overlay up in Edit mode and re-import to place these exactly, then verify edges."
   }
  },
  {
   "type": "Feature",
   "geometry": {
    "type": "Polygon",
    "coordinates": [
     [
      [
       -97.0673257,
       47.9286818
      ],
      [
       -97.0673368,
       47.9286669
      ],
      [
       -97.0674034,
       47.9286669
      ],
      [
       -97.0676143,
       47.9285246
      ],
      [
       -97.0676254,
       47.9284797
      ],
      [
       -97.0676698,
       47.9284797
      ],
      [
       -97.0678363,
       47.9283524
      ],
      [
       -97.0679473,
       47.9283149
      ],
      [
       -97.0679584,
       47.9282775
      ],
      [
       -97.0678696,
       47.9282176
      ],
      [
       -97.0678141,
       47.92824
      ],
      [
       -97.0678363,
       47.928285
      ],
      [
       -97.0678141,
       47.9283449
      ],
      [
       -97.0676365,
       47.9284347
      ],
      [
       -97.0676032,
       47.9284871
      ],
      [
       -97.0675366,
       47.9284871
      ],
      [
       -97.0674811,
       47.9284572
      ],
      [
       -97.0674367,
       47.9284572
      ],
      [
       -97.0673701,
       47.9284123
      ],
      [
       -97.0673701,
       47.9283823
      ],
      [
       -97.0674811,
       47.9283074
      ],
      [
       -97.0675144,
       47.9283074
      ],
      [
       -97.0675144,
       47.928285
      ],
      [
       -97.0676476,
       47.9281801
      ],
      [
       -97.0666487,
       47.9281801
      ],
      [
       -97.0666265,
       47.9282026
      ],
      [
       -97.0665488,
       47.9281876
      ],
      [
       -97.0664711,
       47.92827
      ],
      [
       -97.0664711,
       47.928285
      ],
      [
       -97.0665155,
       47.9282924
      ],
      [
       -97.0664933,
       47.9283598
      ],
      [
       -97.0669484,
       47.9286669
      ],
      [
       -97.0673257,
       47.9286818
      ]
     ]
    ]
   },
   "properties": {
    "id": "MOW-136",
    "name": "REA 2",
    "category": "REA",
    "acres": "",
    "drawn_acres": 0.91,
    "crew": "",
    "frequency": "weekly",
    "mower": "",
    "ownership": "UND",
    "site": "main",
    "needs_tracing": true,
    "notes": "Imported from Mowing Map 2025 (PDF). Line the overlay up in Edit mode and re-import to place these exactly, then verify edges."
   }
  },
  {
   "type": "Feature",
   "geometry": {
    "type": "Polygon",
    "coordinates": [
     [
      [
       -97.0640403,
       47.9287268
      ],
      [
       -97.0660826,
       47.9287193
      ],
      [
       -97.0660604,
       47.9286669
      ],
      [
       -97.0660937,
       47.928547
      ],
      [
       -97.066127,
       47.9285396
      ],
      [
       -97.066127,
       47.9284722
      ],
      [
       -97.065239,
       47.9284647
      ],
      [
       -97.0652168,
       47.9284497
      ],
      [
       -97.0640292,
       47.9284497
      ],
      [
       -97.0640403,
       47.9287268
      ]
     ]
    ]
   },
   "properties": {
    "id": "MOW-137",
    "name": "REA 3",
    "category": "REA",
    "acres": "",
    "drawn_acres": 1.12,
    "crew": "",
    "frequency": "weekly",
    "mower": "",
    "ownership": "UND",
    "site": "main",
    "needs_tracing": true,
    "notes": "Imported from Mowing Map 2025 (PDF). Line the overlay up in Edit mode and re-import to place these exactly, then verify edges."
   }
  },
  {
   "type": "Feature",
   "geometry": {
    "type": "Polygon",
    "coordinates": [
     [
      [
       -97.0640292,
       47.9291611
      ],
      [
       -97.0661381,
       47.9291611
      ],
      [
       -97.0660493,
       47.9289215
      ],
      [
       -97.0640292,
       47.9289289
      ],
      [
       -97.0640292,
       47.9291611
      ]
     ]
    ]
   },
   "properties": {
    "id": "MOW-138",
    "name": "REA 4",
    "category": "REA",
    "acres": "",
    "drawn_acres": 1.0,
    "crew": "",
    "frequency": "weekly",
    "mower": "",
    "ownership": "UND",
    "site": "main",
    "needs_tracing": true,
    "notes": "Imported from Mowing Map 2025 (PDF). Line the overlay up in Edit mode and re-import to place these exactly, then verify edges."
   }
  },
  {
   "type": "Feature",
   "geometry": {
    "type": "Polygon",
    "coordinates": [
     [
      [
       -97.0678585,
       47.929498
      ],
      [
       -97.0679917,
       47.9294082
      ],
      [
       -97.0679917,
       47.9293857
      ],
      [
       -97.0673923,
       47.9289814
      ],
      [
       -97.0669373,
       47.9289814
      ],
      [
       -97.0665155,
       47.9292734
      ],
      [
       -97.0665155,
       47.9293108
      ],
      [
       -97.0665932,
       47.9293707
      ],
      [
       -97.0666487,
       47.929498
      ],
      [
       -97.0678585,
       47.929498
      ]
     ]
    ]
   },
   "properties": {
    "id": "MOW-139",
    "name": "REA 5",
    "category": "REA",
    "acres": "",
    "drawn_acres": 1.15,
    "crew": "",
    "frequency": "weekly",
    "mower": "",
    "ownership": "UND",
    "site": "main",
    "needs_tracing": true,
    "notes": "Imported from Mowing Map 2025 (PDF). Line the overlay up in Edit mode and re-import to place these exactly, then verify edges."
   }
  },
  {
   "type": "Feature",
   "geometry": {
    "type": "Polygon",
    "coordinates": [
     [
      [
       -97.0569033,
       47.919988
      ],
      [
       -97.0569033,
       47.919711
      ],
      [
       -97.0569588,
       47.919696
      ],
      [
       -97.0569699,
       47.9196511
      ],
      [
       -97.0573251,
       47.9196511
      ],
      [
       -97.0573362,
       47.9196735
      ],
      [
       -97.0574139,
       47.9196735
      ],
      [
       -97.0575693,
       47.919666
      ],
      [
       -97.0575693,
       47.9196361
      ],
      [
       -97.0568478,
       47.9196211
      ],
      [
       -97.0567701,
       47.9196436
      ],
      [
       -97.0567368,
       47.919681
      ],
      [
       -97.056759,
       47.9199656
      ],
      [
       -97.0568145,
       47.919988
      ],
      [
       -97.0569033,
       47.919988
      ]
     ]
    ]
   },
   "properties": {
    "id": "MOW-140",
    "name": "EERC 1",
    "category": "EERC",
    "acres": "",
    "drawn_acres": 0.16,
    "crew": "",
    "frequency": "weekly",
    "mower": "",
    "ownership": "UND",
    "site": "main",
    "needs_tracing": true,
    "notes": "Imported from Mowing Map 2025 (PDF). Line the overlay up in Edit mode and re-import to place these exactly, then verify edges."
   }
  },
  {
   "type": "Feature",
   "geometry": {
    "type": "Polygon",
    "coordinates": [
     [
      [
       -97.059656,
       47.9201378
      ],
      [
       -97.059656,
       47.9195013
      ],
      [
       -97.0590344,
       47.9195013
      ],
      [
       -97.0590566,
       47.9196136
      ],
      [
       -97.0593008,
       47.9198308
      ],
      [
       -97.059323,
       47.9198308
      ],
      [
       -97.059323,
       47.919681
      ],
      [
       -97.0593452,
       47.919666
      ],
      [
       -97.0596005,
       47.919666
      ],
      [
       -97.0596227,
       47.919681
      ],
      [
       -97.0596227,
       47.9198532
      ],
      [
       -97.0596005,
       47.9198682
      ],
      [
       -97.0593563,
       47.9198682
      ],
      [
       -97.0593563,
       47.9198832
      ],
      [
       -97.0596227,
       47.9201303
      ],
      [
       -97.059656,
       47.9201378
      ]
     ]
    ]
   },
   "properties": {
    "id": "MOW-141",
    "name": "EERC 2",
    "category": "EERC",
    "acres": "",
    "drawn_acres": 0.35,
    "crew": "",
    "frequency": "weekly",
    "mower": "",
    "ownership": "UND",
    "site": "main",
    "needs_tracing": true,
    "notes": "Imported from Mowing Map 2025 (PDF). Line the overlay up in Edit mode and re-import to place these exactly, then verify edges."
   }
  },
  {
   "type": "Feature",
   "geometry": {
    "type": "Polygon",
    "coordinates": [
     [
      [
       -97.0572585,
       47.9206844
      ],
      [
       -97.0572807,
       47.920662
      ],
      [
       -97.0572807,
       47.9204448
      ],
      [
       -97.0571919,
       47.9204298
      ],
      [
       -97.0571919,
       47.9201303
      ],
      [
       -97.0568478,
       47.9201303
      ],
      [
       -97.0568256,
       47.9201153
      ],
      [
       -97.0568256,
       47.9200629
      ],
      [
       -97.0567701,
       47.9200704
      ],
      [
       -97.056759,
       47.9202876
      ],
      [
       -97.0569255,
       47.9203025
      ],
      [
       -97.0571031,
       47.9203999
      ],
      [
       -97.0571919,
       47.9205347
      ],
      [
       -97.0571919,
       47.9206545
      ],
      [
       -97.0572252,
       47.9206844
      ],
      [
       -97.0572585,
       47.9206844
      ]
     ]
    ]
   },
   "properties": {
    "id": "MOW-142",
    "name": "EERC 3",
    "category": "EERC",
    "acres": "",
    "drawn_acres": 0.25,
    "crew": "",
    "frequency": "weekly",
    "mower": "",
    "ownership": "UND",
    "site": "main",
    "needs_tracing": true,
    "notes": "Imported from Mowing Map 2025 (PDF). Line the overlay up in Edit mode and re-import to place these exactly, then verify edges."
   }
  },
  {
   "type": "Feature",
   "geometry": {
    "type": "Polygon",
    "coordinates": [
     [
      [
       -97.0586681,
       47.9208117
      ],
      [
       -97.0586681,
       47.9207443
      ],
      [
       -97.0588346,
       47.9207443
      ],
      [
       -97.0588568,
       47.9207893
      ],
      [
       -97.0590455,
       47.9207893
      ],
      [
       -97.0590455,
       47.9207294
      ],
      [
       -97.0591232,
       47.9206096
      ],
      [
       -97.0592564,
       47.9205946
      ],
      [
       -97.0592564,
       47.9205721
      ],
      [
       -97.0591898,
       47.9205646
      ],
      [
       -97.0591454,
       47.9205197
      ],
      [
       -97.0591343,
       47.9203849
      ],
      [
       -97.05899,
       47.9203849
      ],
      [
       -97.0589789,
       47.9205497
      ],
      [
       -97.0589123,
       47.9205497
      ],
      [
       -97.0589012,
       47.9205871
      ],
      [
       -97.0586903,
       47.9205871
      ],
      [
       -97.0585904,
       47.920662
      ],
      [
       -97.058546,
       47.9206695
      ],
      [
       -97.0585682,
       47.9208117
      ],
      [
       -97.0586681,
       47.9208117
      ]
     ]
    ]
   },
   "properties": {
    "id": "MOW-143",
    "name": "EERC 4",
    "category": "EERC",
    "acres": "",
    "drawn_acres": 0.27,
    "crew": "",
    "frequency": "weekly",
    "mower": "",
    "ownership": "UND",
    "site": "main",
    "needs_tracing": true,
    "notes": "Imported from Mowing Map 2025 (PDF). Line the overlay up in Edit mode and re-import to place these exactly, then verify edges."
   }
  },
  {
   "type": "Feature",
   "geometry": {
    "type": "Polygon",
    "coordinates": [
     [
      [
       -97.0578024,
       47.9210064
      ],
      [
       -97.0578135,
       47.9209915
      ],
      [
       -97.0579134,
       47.9209989
      ],
      [
       -97.0579134,
       47.920939
      ],
      [
       -97.0579911,
       47.9209241
      ],
      [
       -97.0579911,
       47.9206245
      ],
      [
       -97.0579689,
       47.9206245
      ],
      [
       -97.0579689,
       47.9206919
      ],
      [
       -97.0579356,
       47.9206994
      ],
      [
       -97.0579356,
       47.9207518
      ],
      [
       -97.0579134,
       47.9207668
      ],
      [
       -97.0575693,
       47.9207743
      ],
      [
       -97.0575693,
       47.9210064
      ],
      [
       -97.0578024,
       47.9210064
      ]
     ]
    ]
   },
   "properties": {
    "id": "MOW-144",
    "name": "EERC 5",
    "category": "EERC",
    "acres": "",
    "drawn_acres": 0.2,
    "crew": "",
    "frequency": "weekly",
    "mower": "",
    "ownership": "UND",
    "site": "main",
    "needs_tracing": true,
    "notes": "Imported from Mowing Map 2025 (PDF). Line the overlay up in Edit mode and re-import to place these exactly, then verify edges."
   }
  },
  {
   "type": "Feature",
   "geometry": {
    "type": "Polygon",
    "coordinates": [
     [
      [
       -97.0568034,
       47.9210738
      ],
      [
       -97.0568145,
       47.9210514
      ],
      [
       -97.0569255,
       47.9210214
      ],
      [
       -97.0570365,
       47.9209241
      ],
      [
       -97.0570587,
       47.9208642
      ],
      [
       -97.0570587,
       47.9205721
      ],
      [
       -97.056981,
       47.9204448
      ],
      [
       -97.0568589,
       47.9203849
      ],
      [
       -97.0567701,
       47.9203774
      ],
      [
       -97.056759,
       47.9210514
      ],
      [
       -97.0568034,
       47.9210738
      ]
     ]
    ]
   },
   "properties": {
    "id": "MOW-145",
    "name": "EERC 6",
    "category": "EERC",
    "acres": "",
    "drawn_acres": 0.35,
    "crew": "",
    "frequency": "weekly",
    "mower": "",
    "ownership": "UND",
    "site": "main",
    "needs_tracing": true,
    "notes": "Imported from Mowing Map 2025 (PDF). Line the overlay up in Edit mode and re-import to place these exactly, then verify edges."
   }
  },
  {
   "type": "Feature",
   "geometry": {
    "type": "Polygon",
    "coordinates": [
     [
      [
       -97.0582353,
       47.9221222
      ],
      [
       -97.0582686,
       47.9220922
      ],
      [
       -97.0582686,
       47.9216879
      ],
      [
       -97.0582131,
       47.9216504
      ],
      [
       -97.0582131,
       47.9216205
      ],
      [
       -97.0582575,
       47.921613
      ],
      [
       -97.0582575,
       47.9215905
      ],
      [
       -97.0580133,
       47.9215905
      ],
      [
       -97.05798,
       47.9215755
      ],
      [
       -97.05798,
       47.9212161
      ],
      [
       -97.0578357,
       47.9212161
      ],
      [
       -97.0578135,
       47.9212386
      ],
      [
       -97.0577469,
       47.9212386
      ],
      [
       -97.0577358,
       47.9212161
      ],
      [
       -97.0575693,
       47.9212161
      ],
      [
       -97.0575471,
       47.9212386
      ],
      [
       -97.0574916,
       47.9212386
      ],
      [
       -97.0574694,
       47.9212161
      ],
      [
       -97.0573473,
       47.9212161
      ],
      [
       -97.0573473,
       47.921291
      ],
      [
       -97.0577025,
       47.921291
      ],
      [
       -97.0577247,
       47.921306
      ],
      [
       -97.0577136,
       47.9214857
      ],
      [
       -97.057425,
       47.9214857
      ],
      [
       -97.057425,
       47.9215081
      ],
      [
       -97.0574805,
       47.9215156
      ],
      [
       -97.0575027,
       47.921613
      ],
      [
       -97.0575693,
       47.921613
      ],
      [
       -97.0575804,
       47.9216504
      ],
      [
       -97.0574916,
       47.9216879
      ],
      [
       -97.0574805,
       47.9217777
      ],
      [
       -97.0574139,
       47.9217852
      ],
      [
       -97.0574028,
       47.9218152
      ],
      [
       -97.0571475,
       47.9218152
      ],
      [
       -97.0571253,
       47.9218002
      ],
      [
       -97.0571253,
       47.9216504
      ],
      [
       -97.0570254,
       47.9216354
      ],
      [
       -97.0569588,
       47.9215905
      ],
      [
       -97.0569477,
       47.9215081
      ],
      [
       -97.0569255,
       47.9215007
      ],
      [
       -97.0569255,
       47.9212985
      ],
      [
       -97.0569477,
       47.9212386
      ],
      [
       -97.0569921,
       47.9212086
      ],
      [
       -97.057092,
       47.9212011
      ],
      [
       -97.0571031,
       47.9211787
      ],
      [
       -97.0571919,
       47.9211787
      ],
      [
       -97.0571919,
       47.9211113
      ],
      [
       -97.0571586,
       47.9210963
      ],
      [
       -97.0571586,
       47.9210588
      ],
      [
       -97.0572141,
       47.9210439
      ],
      [
       -97.0572141,
       47.9209465
      ],
      [
       -97.0572807,
       47.9209315
      ],
      [
       -97.0572807,
       47.9207593
      ],
      [
       -97.0572252,
       47.9207443
      ],
      [
       -97.0571919,
       47.9207743
      ],
      [
       -97.0571808,
       47.920939
      ],
      [
       -97.057092,
       47.9210888
      ],
      [
       -97.0570032,
       47.9210963
      ],
      [
       -97.0568478,
       47.9211487
      ],
      [
       -97.056759,
       47.9211487
      ],
      [
       -97.056759,
       47.9221072
      ],
      [
       -97.0568145,
       47.9221222
      ],
      [
       -97.0582353,
       47.9221222
      ]
     ]
    ]
   },
   "properties": {
    "id": "MOW-146",
    "name": "EERC 7",
    "category": "EERC",
    "acres": "",
    "drawn_acres": 2.03,
    "crew": "",
    "frequency": "weekly",
    "mower": "",
    "ownership": "UND",
    "site": "main",
    "needs_tracing": true,
    "notes": "Imported from Mowing Map 2025 (PDF). Line the overlay up in Edit mode and re-import to place these exactly, then verify edges."
   }
  },
  {
   "type": "Feature",
   "geometry": {
    "type": "Polygon",
    "coordinates": [
     [
      [
       -97.059101,
       47.9221371
      ],
      [
       -97.0591121,
       47.9221147
      ],
      [
       -97.0596005,
       47.9221147
      ],
      [
       -97.0596005,
       47.9220024
      ],
      [
       -97.0596227,
       47.9219724
      ],
      [
       -97.0597004,
       47.921935
      ],
      [
       -97.059767,
       47.9219275
      ],
      [
       -97.0597559,
       47.9218975
      ],
      [
       -97.0596338,
       47.92189
      ],
      [
       -97.0596227,
       47.9216879
      ],
      [
       -97.0596671,
       47.9216429
      ],
      [
       -97.0588901,
       47.9216429
      ],
      [
       -97.0588013,
       47.9216654
      ],
      [
       -97.0584351,
       47.9216654
      ],
      [
       -97.0584018,
       47.9216804
      ],
      [
       -97.0583907,
       47.9220997
      ],
      [
       -97.058424,
       47.9221222
      ],
      [
       -97.0584573,
       47.9221371
      ],
      [
       -97.059101,
       47.9221371
      ]
     ]
    ]
   },
   "properties": {
    "id": "MOW-147",
    "name": "EERC 8",
    "category": "EERC",
    "acres": "",
    "drawn_acres": 1.21,
    "crew": "",
    "frequency": "weekly",
    "mower": "",
    "ownership": "UND",
    "site": "main",
    "needs_tracing": true,
    "notes": "Imported from Mowing Map 2025 (PDF). Line the overlay up in Edit mode and re-import to place these exactly, then verify edges."
   }
  },
  {
   "type": "Feature",
   "geometry": {
    "type": "Polygon",
    "coordinates": [
     [
      [
       -97.0729532,
       47.929236
      ],
      [
       -97.0732418,
       47.9289065
      ],
      [
       -97.0732418,
       47.928869
      ],
      [
       -97.073375,
       47.9287193
      ],
      [
       -97.0733528,
       47.9286594
      ],
      [
       -97.0731752,
       47.9286968
      ],
      [
       -97.0730975,
       47.9286818
      ],
      [
       -97.0731086,
       47.9286444
      ],
      [
       -97.0732196,
       47.9286144
      ],
      [
       -97.0732196,
       47.9285545
      ],
      [
       -97.0731752,
       47.928547
      ],
      [
       -97.0729421,
       47.9285321
      ],
      [
       -97.0728644,
       47.9286968
      ],
      [
       -97.0728977,
       47.9287193
      ],
      [
       -97.0728977,
       47.9287492
      ],
      [
       -97.0727645,
       47.9287942
      ],
      [
       -97.0726313,
       47.9290113
      ],
      [
       -97.0724981,
       47.9291686
      ],
      [
       -97.0724981,
       47.9291835
      ],
      [
       -97.0727423,
       47.929191
      ],
      [
       -97.0729532,
       47.929236
      ]
     ]
    ]
   },
   "properties": {
    "id": "MOW-148",
    "name": "Wellness 1",
    "category": "Wellness",
    "acres": "",
    "drawn_acres": 0.63,
    "crew": "",
    "frequency": "weekly",
    "mower": "",
    "ownership": "UND",
    "site": "main",
    "needs_tracing": true,
    "notes": "Imported from Mowing Map 2025 (PDF). Line the overlay up in Edit mode and re-import to place these exactly, then verify edges."
   }
  },
  {
   "type": "Feature",
   "geometry": {
    "type": "Polygon",
    "coordinates": [
     [
      [
       -97.0736303,
       47.9294831
      ],
      [
       -97.0742185,
       47.9294756
      ],
      [
       -97.0742185,
       47.9294157
      ],
      [
       -97.074274,
       47.9293108
      ],
      [
       -97.0743406,
       47.9292809
      ],
      [
       -97.0744738,
       47.9291236
      ],
      [
       -97.0744849,
       47.9290113
      ],
      [
       -97.0743961,
       47.9288391
      ],
      [
       -97.0743961,
       47.9287867
      ],
      [
       -97.0743628,
       47.9287792
      ],
      [
       -97.0743628,
       47.9287268
      ],
      [
       -97.0743295,
       47.9287193
      ],
      [
       -97.0741408,
       47.9283973
      ],
      [
       -97.074163,
       47.9283299
      ],
      [
       -97.0740964,
       47.9283224
      ],
      [
       -97.0740853,
       47.9282251
      ],
      [
       -97.0739188,
       47.9281726
      ],
      [
       -97.0729976,
       47.9281277
      ],
      [
       -97.0729421,
       47.9283973
      ],
      [
       -97.0729754,
       47.9284497
      ],
      [
       -97.0732529,
       47.9285021
      ],
      [
       -97.0732973,
       47.9284647
      ],
      [
       -97.0732973,
       47.9284347
      ],
      [
       -97.0732085,
       47.9284272
      ],
      [
       -97.073153,
       47.9283898
      ],
      [
       -97.073153,
       47.9283374
      ],
      [
       -97.0732196,
       47.9282924
      ],
      [
       -97.0732751,
       47.9282924
      ],
      [
       -97.0733528,
       47.9283374
      ],
      [
       -97.0733195,
       47.9284197
      ],
      [
       -97.0735082,
       47.9284048
      ],
      [
       -97.0735304,
       47.9284422
      ],
      [
       -97.0736192,
       47.9284347
      ],
      [
       -97.0737968,
       47.928255
      ],
      [
       -97.0738411,
       47.928255
      ],
      [
       -97.0740076,
       47.9283149
      ],
      [
       -97.0740076,
       47.9283823
      ],
      [
       -97.0740853,
       47.9284197
      ],
      [
       -97.0740853,
       47.9284497
      ],
      [
       -97.0739743,
       47.9285396
      ],
      [
       -97.0739632,
       47.9285845
      ],
      [
       -97.0740076,
       47.928592
      ],
      [
       -97.0740187,
       47.9286219
      ],
      [
       -97.0740964,
       47.9286519
      ],
      [
       -97.0741075,
       47.9286893
      ],
      [
       -97.0742074,
       47.9287567
      ],
      [
       -97.0742074,
       47.9287867
      ],
      [
       -97.0742851,
       47.9288765
      ],
      [
       -97.0742851,
       47.9289215
      ],
      [
       -97.0743184,
       47.9289439
      ],
      [
       -97.0743295,
       47.9290263
      ],
      [
       -97.0741963,
       47.9291611
      ],
      [
       -97.0741852,
       47.9291985
      ],
      [
       -97.0741408,
       47.929221
      ],
      [
       -97.0741297,
       47.9292659
      ],
      [
       -97.0740853,
       47.9293034
      ],
      [
       -97.0740298,
       47.9293034
      ],
      [
       -97.0739965,
       47.9293333
      ],
      [
       -97.0739965,
       47.9293558
      ],
      [
       -97.0740631,
       47.9293633
      ],
      [
       -97.074052,
       47.9294082
      ],
      [
       -97.0739854,
       47.9294232
      ],
      [
       -97.0739743,
       47.9293857
      ],
      [
       -97.0739521,
       47.9293857
      ],
      [
       -97.0739299,
       47.9294157
      ],
      [
       -97.0738744,
       47.9294157
      ],
      [
       -97.0737413,
       47.9293633
      ],
      [
       -97.0736414,
       47.9293782
      ],
      [
       -97.0734083,
       47.9292809
      ],
      [
       -97.0733528,
       47.9292809
      ],
      [
       -97.0733084,
       47.9293258
      ],
      [
       -97.0733195,
       47.9293857
      ],
      [
       -97.0734749,
       47.9294531
      ],
      [
       -97.0736303,
       47.9294831
      ]
     ]
    ]
   },
   "properties": {
    "id": "MOW-149",
    "name": "Wellness 2",
    "category": "Wellness",
    "acres": "",
    "drawn_acres": 1.09,
    "crew": "",
    "frequency": "weekly",
    "mower": "",
    "ownership": "UND",
    "site": "main",
    "needs_tracing": true,
    "notes": "Imported from Mowing Map 2025 (PDF). Line the overlay up in Edit mode and re-import to place these exactly, then verify edges."
   }
  },
  {
   "type": "Feature",
   "geometry": {
    "type": "Polygon",
    "coordinates": [
     [
      [
       -97.0725092,
       47.9296778
      ],
      [
       -97.0726868,
       47.9295879
      ],
      [
       -97.0730087,
       47.929558
      ],
      [
       -97.0735748,
       47.9295654
      ],
      [
       -97.0735748,
       47.9295505
      ],
      [
       -97.073375,
       47.9295055
      ],
      [
       -97.07282,
       47.9292884
      ],
      [
       -97.0726313,
       47.9292584
      ],
      [
       -97.0724426,
       47.9292584
      ],
      [
       -97.072376,
       47.9292734
      ],
      [
       -97.0723094,
       47.9293183
      ],
      [
       -97.0719875,
       47.9295879
      ],
      [
       -97.0717988,
       47.9296553
      ],
      [
       -97.0717988,
       47.9296703
      ],
      [
       -97.0725092,
       47.9296778
      ]
     ]
    ]
   },
   "properties": {
    "id": "MOW-150",
    "name": "Wellness 3",
    "category": "Wellness",
    "acres": "",
    "drawn_acres": 0.75,
    "crew": "",
    "frequency": "weekly",
    "mower": "",
    "ownership": "UND",
    "site": "main",
    "needs_tracing": true,
    "notes": "Imported from Mowing Map 2025 (PDF). Line the overlay up in Edit mode and re-import to place these exactly, then verify edges."
   }
  },
  {
   "type": "Feature",
   "geometry": {
    "type": "Polygon",
    "coordinates": [
     [
      [
       -97.0779813,
       47.9231256
      ],
      [
       -97.0779813,
       47.9230881
      ],
      [
       -97.0779258,
       47.9230807
      ],
      [
       -97.0779258,
       47.9229608
      ],
      [
       -97.0779702,
       47.9229534
      ],
      [
       -97.0779702,
       47.922579
      ],
      [
       -97.077948,
       47.9225715
      ],
      [
       -97.0779702,
       47.922534
      ],
      [
       -97.0779702,
       47.922257
      ],
      [
       -97.077948,
       47.9222495
      ],
      [
       -97.077948,
       47.9221671
      ],
      [
       -97.0779036,
       47.9221671
      ],
      [
       -97.0779036,
       47.9224741
      ],
      [
       -97.0778259,
       47.9224891
      ],
      [
       -97.0778037,
       47.922579
      ],
      [
       -97.0778148,
       47.9229009
      ],
      [
       -97.077726,
       47.9229534
      ],
      [
       -97.0768935,
       47.9229534
      ],
      [
       -97.0768713,
       47.9229384
      ],
      [
       -97.0768713,
       47.9227512
      ],
      [
       -97.0769601,
       47.9227437
      ],
      [
       -97.0769823,
       47.9227063
      ],
      [
       -97.0772709,
       47.9227063
      ],
      [
       -97.0772709,
       47.9226688
      ],
      [
       -97.0771155,
       47.9226538
      ],
      [
       -97.0770489,
       47.9226089
      ],
      [
       -97.0770267,
       47.922549
      ],
      [
       -97.0767936,
       47.922549
      ],
      [
       -97.0767936,
       47.9228935
      ],
      [
       -97.0768269,
       47.9229159
      ],
      [
       -97.0768713,
       47.9231256
      ],
      [
       -97.0773153,
       47.9231256
      ],
      [
       -97.0773264,
       47.9230732
      ],
      [
       -97.0773819,
       47.9230807
      ],
      [
       -97.0773819,
       47.9231256
      ],
      [
       -97.0779813,
       47.9231256
      ]
     ]
    ]
   },
   "properties": {
    "id": "MOW-151",
    "name": "Alumni 1",
    "category": "Alumni",
    "acres": "",
    "drawn_acres": 0.72,
    "crew": "",
    "frequency": "weekly",
    "mower": "",
    "ownership": "UND",
    "site": "main",
    "needs_tracing": true,
    "notes": "Imported from Mowing Map 2025 (PDF). Line the overlay up in Edit mode and re-import to place these exactly, then verify edges."
   }
  }
 ]
}